pipeline,scene,goal_type,goal_id,trial,success,planning_time_s,wall_time_s,traj_duration_s,error_code
ompl,floor,joint,home1,0,True,0.0014616359999999999,0.006866913987323642,0.0,1
ompl,floor,joint,home2,0,True,0.0032078970000000004,0.012334044091403484,7.212207819,1
ompl,floor,joint,home3,0,True,0.015058715,0.025224283104762435,5.210374874,1
ompl,floor,pose,reach0,0,True,0.025116522,0.04629173607099801,13.584082971,1
ompl,floor,pose,reach1,0,True,0.022522755999999998,0.02879491599742323,2.641691851,1
ompl,floor,pose,reach2,0,True,0.023319331,0.029075902071781456,2.034763186,1
ompl,floor,pose,reach3,0,True,0.027105879,0.03643390501383692,6.472472005,1
ompl,floor,pose,rand00,0,False,0.0,5.023859650013037,nan,99999
ompl,floor,pose,rand01,0,True,0.012171802,0.01848552899900824,1.935074829,1
ompl,floor,pose,rand02,0,True,0.013858892999999999,0.0248906520428136,9.851888869,1
ompl,floor,pose,rand03,0,True,0.003978258,0.2247662569861859,9.73072249,1
ompl,floor,pose,rand04,0,True,0.015377002,0.025947527028620243,9.377478318,1
ompl,floor,pose,rand05,0,True,0.017964244,0.030593581963330507,9.12698453,1
ompl,floor,pose,rand06,0,False,0.0,5.017709809937514,nan,99999
ompl,floor,pose,rand07,0,False,0.0,5.018325455021113,nan,99999
ompl,floor,pose,rand08,0,True,0.013748409000000001,0.024859491968527436,6.574961849,1
ompl,floor,pose,rand09,0,False,0.0,5.0299761889036745,nan,99999
ompl,floor,pose,rand10,0,True,0.015214258,0.024144901079125702,4.636225236,1
ompl,floor,pose,rand11,0,False,0.0,5.088439164916053,nan,99999
ompl,floor,joint,home1,1,True,0.005989797999999999,0.013479935005307198,0.0,1
ompl,floor,joint,home2,1,True,0.004733238,0.017009624047204852,7.211403182,1
ompl,floor,joint,home3,1,True,0.005562984,0.014215180999599397,5.211106786,1
ompl,floor,pose,reach0,1,True,0.012835244,0.01915963797364384,2.9859683500000003,1
ompl,floor,pose,reach1,1,True,0.023635773,0.029246328049339354,2.738253312,1
ompl,floor,pose,reach2,1,True,0.006495187,0.019604714936576784,10.116715596,1
ompl,floor,pose,reach3,1,True,0.01433888,0.028895235969685018,9.507915285,1
ompl,floor,pose,rand00,1,False,0.0,5.015381361939944,nan,99999
ompl,floor,pose,rand01,1,True,0.013157328,0.019610752002336085,1.965864399,1
ompl,floor,pose,rand02,1,True,0.015639046,0.030335908057168126,9.837729838,1
ompl,floor,pose,rand03,1,True,0.22806301199999998,0.40124877798371017,14.309832393,1
ompl,floor,pose,rand04,1,True,0.014718377000000001,0.028780197957530618,10.237976781,1
ompl,floor,pose,rand05,1,True,0.012661634000000001,0.023372221970930696,4.62769818,1
ompl,floor,pose,rand06,1,False,0.0,5.0274043519748375,nan,99999
ompl,floor,pose,rand07,1,False,0.0,5.019250020966865,nan,99999
ompl,floor,pose,rand08,1,True,0.014513719,0.030908553046174347,10.136821347,1
ompl,floor,pose,rand09,1,False,0.0,5.022835094016045,nan,99999
ompl,floor,pose,rand10,1,True,0.014782272999999999,0.02407686796505004,4.76990429,1
ompl,floor,pose,rand11,1,False,0.0,5.084711328963749,nan,99999
ompl,floor,joint,home1,2,True,0.005463480000000001,0.011968531995080411,0.0,1
ompl,floor,joint,home2,2,True,0.004108852,0.012426736997440457,7.210916388,1
ompl,floor,joint,home3,2,True,0.014373119,0.02286412997636944,5.210764852,1
ompl,floor,pose,reach0,2,True,0.02456027,0.03809509600978345,9.276804068,1
ompl,floor,pose,reach1,2,True,0.022621481,0.02938957093283534,2.712841742,1
ompl,floor,pose,reach2,2,True,0.021597751000000002,0.02736554597504437,2.096801888,1
ompl,floor,pose,reach3,2,True,0.012774226999999999,0.018405700102448463,3.633835027,1
ompl,floor,pose,rand00,2,False,0.0,5.024612901965156,nan,99999
ompl,floor,pose,rand01,2,True,0.006114155,0.012436307035386562,1.9922621720000002,1
ompl,floor,pose,rand02,2,True,0.015519356,0.028036840027198195,9.850753013,1
ompl,floor,pose,rand03,2,True,0.013892347999999999,0.22314331610687077,9.70152984,1
ompl,floor,pose,rand04,2,True,0.013793561,0.022283757920376956,3.171769243,1
ompl,floor,pose,rand05,2,True,0.026148561,0.04544755595270544,12.689234793,1
ompl,floor,pose,rand06,2,False,0.0,5.026774281053804,nan,99999
ompl,floor,pose,rand07,2,False,0.0,5.01550193503499,nan,99999
ompl,floor,pose,rand08,2,True,0.013762786999999999,0.02607849007472396,9.823639593,1
ompl,floor,pose,rand09,2,False,0.0,5.028932102024555,nan,99999
ompl,floor,pose,rand10,2,True,0.017934883,0.02527135389391333,4.609399097,1
ompl,floor,pose,rand11,2,False,0.0,5.094775217003189,nan,99999
ompl,floor,joint,home1,3,True,0.012178047000000001,0.019021648913621902,0.0,1
ompl,floor,joint,home2,3,True,0.004459393,0.020287330960854888,7.213671881,1
ompl,floor,joint,home3,3,True,0.0023947509999999997,0.013347123051062226,5.213167728,1
ompl,floor,pose,reach0,3,True,0.021867563,0.029148373054340482,2.9013519,1
ompl,floor,pose,reach1,3,True,0.024583934,0.030542955035343766,2.685491721,1
ompl,floor,pose,reach2,3,True,0.023071425,0.04209909797646105,10.143338192,1
ompl,floor,pose,reach3,3,True,0.025171902,0.04858039494138211,11.740467393,1
ompl,floor,pose,rand00,3,False,0.0,5.027395546087064,nan,99999
ompl,floor,pose,rand01,3,True,0.015393673,0.02306288096588105,1.873397406,1
ompl,floor,pose,rand02,3,True,0.012983867,0.0262263179756701,9.845945350000001,1
ompl,floor,pose,rand03,3,True,0.176014846,0.3788621559506282,6.643717003,1
ompl,floor,pose,rand04,3,True,0.014134451,0.025212676962837577,3.147938958,1
ompl,floor,pose,rand05,3,True,0.023289019,0.03466856793966144,7.904178291,1
ompl,floor,pose,rand06,3,False,0.0,5.024803991895169,nan,99999
ompl,floor,pose,rand07,3,False,0.0,5.018347845994867,nan,99999
ompl,floor,pose,rand08,3,True,0.014129743,0.02206527895759791,3.761337276,1
ompl,floor,pose,rand09,3,False,0.0,5.024241239996627,nan,99999
ompl,floor,pose,rand10,3,True,0.013937529,0.020786821958608925,4.640011032,1
ompl,floor,pose,rand11,3,False,0.0,5.081219707033597,nan,99999
ompl,floor,joint,home1,4,True,0.005618923,0.010402900050394237,0.0,1
ompl,floor,joint,home2,4,True,0.006545789,0.017935776035301387,7.21059886,1
ompl,floor,joint,home3,4,True,0.005885980000000001,0.013129012077115476,5.211948783,1
ompl,floor,pose,reach0,4,True,0.011758134,0.01954716502223164,2.967465076,1
ompl,floor,pose,reach1,4,True,0.014712685,0.025187816936522722,6.720352758,1
ompl,floor,pose,reach2,4,True,0.013518279999999999,0.03281728189904243,10.09998653,1
ompl,floor,pose,reach3,4,True,0.014798669,0.029236844973638654,10.119578085,1
ompl,floor,pose,rand00,4,False,0.0,5.017158423084766,nan,99999
ompl,floor,pose,rand01,4,True,0.014363404,0.027864990988746285,9.370434973,1
ompl,floor,pose,rand02,4,True,0.01691291,0.02471299096941948,5.088856138,1
ompl,floor,pose,rand03,4,True,0.076650409,0.18458163202740252,9.67891395,1
ompl,floor,pose,rand04,4,True,0.015215414,0.022055195993743837,3.19764991,1
ompl,floor,pose,rand05,4,True,0.016120405,0.02377352095209062,4.622349772,1
ompl,floor,pose,rand06,4,False,0.0,5.02849245397374,nan,99999
ompl,floor,pose,rand07,4,False,0.0,5.023976910044439,nan,99999
ompl,floor,pose,rand08,4,True,0.014219118000000001,0.029522890923544765,10.118082267,1
ompl,floor,pose,rand09,4,False,0.0,5.033238388015889,nan,99999
ompl,floor,pose,rand10,4,True,0.032632208999999995,0.042706483975052834,4.640586735,1
ompl,floor,pose,rand11,4,False,0.0,5.090928755933419,nan,99999
ompl,floor_obstacle,joint,home1,0,True,0.022038765,0.029438403085805476,0.0,1
ompl,floor_obstacle,joint,home2,0,False,0.0,0.019735114998184144,nan,99999
ompl,floor_obstacle,joint,home3,0,False,0.0,0.01860193896573037,nan,99999
ompl,floor_obstacle,pose,reach0,0,True,0.030047681,0.050569528015330434,15.093790815,1
ompl,floor_obstacle,pose,reach1,0,True,0.027637036,0.04795575200114399,11.883645273,1
ompl,floor_obstacle,pose,reach2,0,True,0.042515963000000004,0.06464612600393593,14.665445464,1
ompl,floor_obstacle,pose,reach3,0,True,0.030745706999999997,0.05085414694622159,13.11306116,1
ompl,floor_obstacle,pose,rand00,0,False,0.0,5.024991697981022,nan,99999
ompl,floor_obstacle,pose,rand01,0,True,0.021226198,0.045869264053180814,14.057417635,1
ompl,floor_obstacle,pose,rand02,0,True,0.025524022,0.04470949398819357,12.766472849,1
ompl,floor_obstacle,pose,rand03,0,True,0.027650333,0.08562350692227483,14.676116194,1
ompl,floor_obstacle,pose,rand04,0,True,0.036316918,0.055433847941458225,15.298478161,1
ompl,floor_obstacle,pose,rand05,0,True,0.024035298,0.03898876905441284,12.296359464,1
ompl,floor_obstacle,pose,rand06,0,False,0.0,5.215898699010722,nan,99999
ompl,floor_obstacle,pose,rand07,0,False,0.0,5.018361066002399,nan,99999
ompl,floor_obstacle,pose,rand08,0,True,0.022580233999999998,0.04208344698417932,14.118425328,1
ompl,floor_obstacle,pose,rand09,0,False,0.0,5.033945302013308,nan,99999
ompl,floor_obstacle,pose,rand10,0,True,0.020648718,0.03892531304154545,15.335881452,1
ompl,floor_obstacle,pose,rand11,0,False,0.0,5.0915202419273555,nan,99999
ompl,floor_obstacle,joint,home1,1,True,0.012496724999999998,0.018232353031635284,0.0,1
ompl,floor_obstacle,joint,home2,1,False,0.0,0.01626340695656836,nan,99999
ompl,floor_obstacle,joint,home3,1,False,0.0,0.016084132017567754,nan,99999
ompl,floor_obstacle,pose,reach0,1,True,0.015605415000000001,0.022982187918387353,2.963837357,1
ompl,floor_obstacle,pose,reach1,1,True,0.045271137,0.06893695006147027,14.506101014,1
ompl,floor_obstacle,pose,reach2,1,True,0.033372139,0.051825981005094945,13.943957479,1
ompl,floor_obstacle,pose,reach3,1,True,0.026877206,0.05544551694765687,15.011523136,1
ompl,floor_obstacle,pose,rand00,1,False,0.0,5.016145327012055,nan,99999
ompl,floor_obstacle,pose,rand01,1,True,0.018104033999999998,0.03441933402791619,12.265965144,1
ompl,floor_obstacle,pose,rand02,1,True,0.016464490999999998,0.033832333981990814,13.554279537,1
ompl,floor_obstacle,pose,rand03,1,True,0.22673706600000001,0.4458414459368214,17.029442666,1
ompl,floor_obstacle,pose,rand04,1,True,0.019182789,0.03523390705231577,13.090790104,1
ompl,floor_obstacle,pose,rand05,1,True,0.024893958,0.03240762697532773,4.666647092,1
ompl,floor_obstacle,pose,rand06,1,False,0.0,5.017376246978529,nan,99999
ompl,floor_obstacle,pose,rand07,1,False,0.0,5.015597283025272,nan,99999
ompl,floor_obstacle,pose,rand08,1,True,0.02690447,0.046142869046889246,10.215402343,1
ompl,floor_obstacle,pose,rand09,1,False,0.0,5.025967104942538,nan,99999
ompl,floor_obstacle,pose,rand10,1,True,0.014583433,0.046659858082421124,17.733506041,1
ompl,floor_obstacle,pose,rand11,1,False,0.0,5.084472795017064,nan,99999
ompl,floor_obstacle,joint,home1,2,True,0.016514528,0.025873473030515015,0.0,1
ompl,floor_obstacle,joint,home2,2,False,0.0,0.016003226046450436,nan,99999
ompl,floor_obstacle,joint,home3,2,False,0.0,0.016318692942149937,nan,99999
ompl,floor_obstacle,pose,reach0,2,True,0.022087122,0.02929228893481195,2.905350598,1
ompl,floor_obstacle,pose,reach1,2,True,0.037949403,0.05602217500563711,12.170648267,1
ompl,floor_obstacle,pose,reach2,2,False,0.036901911,0.06124444503802806,18.769716698,-2
ompl,floor_obstacle,pose,reach3,2,True,0.015219131,0.030528072034940124,12.580111636,1
ompl,floor_obstacle,pose,rand00,2,False,0.0,5.019179573981091,nan,99999
ompl,floor_obstacle,pose,rand01,2,True,0.04644849,0.0650864279596135,13.668348255,1
ompl,floor_obstacle,pose,rand02,2,False,0.020702243000000002,0.04782575601711869,16.77016449,-2
ompl,floor_obstacle,pose,rand03,2,True,0.16931124199999997,0.39536551700439304,13.833176443,1
ompl,floor_obstacle,pose,rand04,2,True,0.026077795,0.0412567249732092,12.671813215,1
ompl,floor_obstacle,pose,rand05,2,True,0.025173262000000002,0.04143881192430854,13.20251111,1
ompl,floor_obstacle,pose,rand06,2,False,0.0,5.026334155933,nan,99999
ompl,floor_obstacle,pose,rand07,2,False,0.0,5.21572009997908,nan,99999
ompl,floor_obstacle,pose,rand08,2,True,0.018441479,0.02909061696846038,6.547775797,1
ompl,floor_obstacle,pose,rand09,2,False,0.0,5.027265778044239,nan,99999
ompl,floor_obstacle,pose,rand10,2,True,0.020228593,0.033735161065123975,10.966855979,1
ompl,floor_obstacle,pose,rand11,2,False,0.0,5.083134996006265,nan,99999
ompl,floor_obstacle,joint,home1,3,True,0.012393734,0.018629102036356926,0.0,1
ompl,floor_obstacle,joint,home2,3,False,0.0,0.03167332801967859,nan,99999
ompl,floor_obstacle,joint,home3,3,False,0.0,0.020905277924612164,nan,99999
ompl,floor_obstacle,pose,reach0,3,True,0.02332576,0.03008293197490275,2.9433771010000003,1
ompl,floor_obstacle,pose,reach1,3,True,0.034903257,0.04731869394890964,9.711954174,1
ompl,floor_obstacle,pose,reach2,3,True,0.029649802,0.043660086928866804,11.944198737,1
ompl,floor_obstacle,pose,reach3,3,True,0.026964929999999998,0.03651067800819874,6.511904164,1
ompl,floor_obstacle,pose,rand00,3,False,0.0,5.0288526569493115,nan,99999
ompl,floor_obstacle,pose,rand01,3,True,0.017852948,0.026156047941185534,1.9492339520000002,1
ompl,floor_obstacle,pose,rand02,3,True,0.016027819000000002,0.033081062021665275,12.75528533,1
ompl,floor_obstacle,pose,rand03,3,True,0.220218974,0.4253393749240786,10.917184003,1
ompl,floor_obstacle,pose,rand04,3,True,0.020047034000000002,0.036148171056993306,11.674338029,1
ompl,floor_obstacle,pose,rand05,3,True,0.022454365,0.031905814073979855,4.551444198,1
ompl,floor_obstacle,pose,rand06,3,False,0.0,5.016643212991767,nan,99999
ompl,floor_obstacle,pose,rand07,3,False,0.0,5.018309795996174,nan,99999
ompl,floor_obstacle,pose,rand08,3,True,0.019294725000000002,0.034673306974582374,12.070268113,1
ompl,floor_obstacle,pose,rand09,3,False,0.0,5.02639087906573,nan,99999
ompl,floor_obstacle,pose,rand10,3,True,0.027955492,0.053889933973550797,14.446879548,1
ompl,floor_obstacle,pose,rand11,3,False,0.0,5.1077469430165365,nan,99999
ompl,floor_obstacle,joint,home1,4,True,0.012582546,0.018874998087994754,0.0,1
ompl,floor_obstacle,joint,home2,4,False,0.0,0.01909386704210192,nan,99999
ompl,floor_obstacle,joint,home3,4,False,0.0,0.016391898039728403,nan,99999
ompl,floor_obstacle,pose,reach0,4,True,0.023454878000000002,0.034259190084412694,2.916901126,1
ompl,floor_obstacle,pose,reach1,4,False,0.014091267999999999,0.038822732982225716,13.258053144,-2
ompl,floor_obstacle,pose,reach2,4,True,0.02047678,0.03857766999863088,12.345461523,1
ompl,floor_obstacle,pose,reach3,4,True,0.025862321,0.03741695499047637,6.46029728,1
ompl,floor_obstacle,pose,rand00,4,False,0.0,5.020376664004289,nan,99999
ompl,floor_obstacle,pose,rand01,4,True,0.021149446,0.033516386058181524,1.981145444,1
ompl,floor_obstacle,pose,rand02,4,True,0.026318141,0.04373059805948287,11.96201823,1
ompl,floor_obstacle,pose,rand03,4,True,0.034717512,0.2406020590569824,9.343025821,1
ompl,floor_obstacle,pose,rand04,4,True,0.021125076,0.04244424193166196,12.972203563,1
ompl,floor_obstacle,pose,rand05,4,True,0.02181612,0.03553298697806895,4.655584855,1
ompl,floor_obstacle,pose,rand06,4,False,0.0,5.216786567005329,nan,99999
ompl,floor_obstacle,pose,rand07,4,False,0.0,5.026116221910343,nan,99999
ompl,floor_obstacle,pose,rand08,4,True,0.019558739999999998,0.039448378956876695,13.657749439,1
ompl,floor_obstacle,pose,rand09,4,False,0.0,5.0211203610524535,nan,99999
ompl,floor_obstacle,pose,rand10,4,True,0.0334555,0.05606468999758363,15.889761385,1
ompl,floor_obstacle,pose,rand11,4,False,0.0,5.102648630039766,nan,99999
