pipeline,scaling,scene,goal_type,goal_id,trial,success,planning_time_s,wall_time_s,traj_duration_s,error_code
ompl,1.0,floor,joint,home1,0,True,0.011820336,0.016681605018675327,0.0,1
ompl,1.0,floor,joint,home2,0,True,0.016863783,0.0252316138939932,3.355251561,1
ompl,1.0,floor,joint,home3,0,True,0.016234488000000002,0.02099944604560733,2.586655558,1
ompl,1.0,floor,pose,reach0,0,True,0.012932833,0.018817072035744786,1.477597933,1
ompl,1.0,floor,pose,reach1,0,True,0.011656956000000001,0.015865121968090534,1.3336622710000001,1
ompl,1.0,floor,pose,reach2,0,True,0.011443080000000001,0.015088140033185482,1.091669823,1
ompl,1.0,floor,pose,reach3,0,True,0.023154619,0.030535349971614778,4.214080972,1
ompl,1.0,floor,pose,rand00,0,False,0.0,5.025066426023841,nan,99999
ompl,1.0,floor,pose,rand01,0,True,0.012474366999999998,0.017150890082120895,0.948846076,1
ompl,1.0,floor,pose,rand02,0,True,0.012518573,0.01788978197146207,1.9675069870000002,1
ompl,1.0,floor,pose,rand03,0,True,0.073485414,0.12144984200131148,3.238406774,1
ompl,1.0,floor,pose,rand04,0,True,0.015177145999999999,0.02228578890208155,4.013351587,1
ompl,1.0,floor,pose,rand05,0,True,0.014931814,0.02173465199302882,3.56032674,1
ompl,1.0,floor,pose,rand06,0,False,0.0,5.016440476058051,nan,99999
ompl,1.0,floor,pose,rand07,0,False,0.0,5.213184784981422,nan,99999
ompl,1.0,floor,pose,rand08,0,True,0.015853973,0.022993110003881156,4.236705028,1
ompl,1.0,floor,pose,rand09,0,False,0.0,5.02202617994044,nan,99999
ompl,1.0,floor,pose,rand10,0,True,0.017016260000000002,0.025043259956873953,4.217278133,1
ompl,1.0,floor,pose,rand11,0,False,0.0,5.087639205972664,nan,99999
ompl,1.0,floor,joint,home1,1,True,0.012205096,0.016311840969137847,0.0,1
ompl,1.0,floor,joint,home2,1,True,0.014671769000000001,0.02089882898144424,3.355929848,1
ompl,1.0,floor,joint,home3,1,True,0.005926196,0.015421562013216317,2.586727139,1
ompl,1.0,floor,pose,reach0,1,True,0.013758533,0.020969945937395096,3.967289117,1
ompl,1.0,floor,pose,reach1,1,True,0.023379412999999998,0.02954870299436152,1.361930712,1
ompl,1.0,floor,pose,reach2,1,True,0.023888496000000002,0.03355289401952177,4.199879274,1
ompl,1.0,floor,pose,reach3,1,True,0.014551462999999999,0.02245716704055667,4.232189931,1
ompl,1.0,floor,pose,rand00,1,False,0.0,5.016005177050829,nan,99999
ompl,1.0,floor,pose,rand01,1,True,0.024969054,0.038348808069713414,4.172037688,1
ompl,1.0,floor,pose,rand02,1,True,0.013149306,0.020064752083271742,1.9546727720000001,1
ompl,1.0,floor,pose,rand03,1,True,0.056981348,0.2694183860439807,5.289936687,1
ompl,1.0,floor,pose,rand04,1,True,0.013308408,0.019941631006076932,4.003942621,1
ompl,1.0,floor,pose,rand05,1,True,0.025195633999999998,0.03435332898516208,2.279062106,1
ompl,1.0,floor,pose,rand06,1,False,0.0,5.029699207050726,nan,99999
ompl,1.0,floor,pose,rand07,1,False,0.0,5.024761251988821,nan,99999
ompl,1.0,floor,pose,rand08,1,True,0.014999962,0.02728126395959407,4.237548034,1
ompl,1.0,floor,pose,rand09,1,False,0.0,5.021472244989127,nan,99999
ompl,1.0,floor,pose,rand10,1,True,0.016893613999999998,0.021706126048229635,2.295649097,1
ompl,1.0,floor,pose,rand11,1,False,0.0,5.08765839994885,nan,99999
ompl,1.0,floor,joint,home1,2,True,0.003904523,0.010677549056708813,0.0,1
ompl,1.0,floor,joint,home2,2,True,0.018035275,0.022965506999753416,3.356457328,1
ompl,1.0,floor,joint,home3,2,True,0.005691084000000001,0.012664917041547596,2.585724257,1
ompl,1.0,floor,pose,reach0,2,True,0.01409164,0.02011201996356249,3.157682906,1
ompl,1.0,floor,pose,reach1,2,True,0.013947608,0.022623263066634536,4.448868344,1
ompl,1.0,floor,pose,reach2,2,True,0.021924936,0.02886647905688733,1.094955856,1
ompl,1.0,floor,pose,reach3,2,True,0.014306402,0.023213076987303793,4.231916462,1
ompl,1.0,floor,pose,rand00,2,False,0.0,5.017701996024698,nan,99999
ompl,1.0,floor,pose,rand01,2,True,0.013233409,0.01780638098716736,0.9480787920000001,1
ompl,1.0,floor,pose,rand02,2,True,0.013397519,0.018809692934155464,2.558737459,1
ompl,1.0,floor,pose,rand03,2,True,0.074068069,0.27365652308799326,3.152619794,1
ompl,1.0,floor,pose,rand04,2,True,0.01611055,0.021928114001639187,3.998418286,1
ompl,1.0,floor,pose,rand05,2,True,0.013522547000000001,0.019644780084490776,2.340333326,1
ompl,1.0,floor,pose,rand06,2,False,0.0,5.015650676912628,nan,99999
ompl,1.0,floor,pose,rand07,2,False,0.0,5.025741572026163,nan,99999
ompl,1.0,floor,pose,rand08,2,True,0.015069905,0.022441479959525168,1.916805,1
ompl,1.0,floor,pose,rand09,2,False,0.0,5.019472813932225,nan,99999
ompl,1.0,floor,pose,rand10,2,True,0.01474902,0.022793784039095044,3.6212790249999998,1
ompl,1.0,floor,pose,rand11,2,False,0.0,5.090701095992699,nan,99999
ompl,1.0,floor,joint,home1,3,True,0.012751135,0.02012689597904682,0.0,1
ompl,1.0,floor,joint,home2,3,True,0.016340507,0.022080078022554517,3.355913848,1
ompl,1.0,floor,joint,home3,3,True,0.014084102000000001,0.019731537089683115,2.587194714,1
ompl,1.0,floor,pose,reach0,3,True,0.022875151000000003,0.02772297093179077,1.511842549,1
ompl,1.0,floor,pose,reach1,3,True,0.025835130999999997,0.03449570096563548,4.349780941,1
ompl,1.0,floor,pose,reach2,3,True,0.022006501,0.027561727911233902,1.052591607,1
ompl,1.0,floor,pose,reach3,3,True,0.02408801,0.030544728972017765,1.807053656,1
ompl,1.0,floor,pose,rand00,3,False,0.0,5.023533411906101,nan,99999
ompl,1.0,floor,pose,rand01,3,True,0.014860204,0.021754704997874796,4.169328106,1
ompl,1.0,floor,pose,rand02,3,True,0.024643052,0.031083473935723305,4.120212021,1
ompl,1.0,floor,pose,rand03,3,True,0.276517001,0.37926994799636304,4.10054188,1
ompl,1.0,floor,pose,rand04,3,True,0.014171836,0.021604527020826936,4.001034973,1
ompl,1.0,floor,pose,rand05,3,True,0.0072619,0.016836318071000278,2.283311887,1
ompl,1.0,floor,pose,rand06,3,False,0.0,5.013466914999299,nan,99999
ompl,1.0,floor,pose,rand07,3,False,0.0,5.0140560830477625,nan,99999
ompl,1.0,floor,pose,rand08,3,True,0.016474116,0.022776516969315708,1.886927928,1
ompl,1.0,floor,pose,rand09,3,False,0.0,5.037800985039212,nan,99999
ompl,1.0,floor,pose,rand10,3,True,0.015993048,0.026318858028389513,4.292318121,1
ompl,1.0,floor,pose,rand11,3,False,0.0,5.103503311984241,nan,99999
ompl,1.0,floor,joint,home1,4,True,0.011835905999999998,0.01978819305077195,0.0,1
ompl,1.0,floor,joint,home2,4,True,0.017125212,0.02402763394638896,3.356625315,1
ompl,1.0,floor,joint,home3,4,True,0.014473544000000001,0.021256424952298403,2.585694439,1
ompl,1.0,floor,pose,reach0,4,True,0.022775182,0.03180416696704924,3.976129511,1
ompl,1.0,floor,pose,reach1,4,True,0.021673637,0.027777241077274084,1.330384511,1
ompl,1.0,floor,pose,reach2,4,True,0.021778009,0.028035694966092706,1.078270411,1
ompl,1.0,floor,pose,reach3,4,True,0.024702135,0.032287891022861004,4.235368037,1
ompl,1.0,floor,pose,rand00,4,False,0.0,5.025071403943002,nan,99999
ompl,1.0,floor,pose,rand01,4,True,0.015554692,0.02343634096905589,4.174169084,1
ompl,1.0,floor,pose,rand02,4,True,0.01474634,0.020074883941560984,2.549662357,1
ompl,1.0,floor,pose,rand03,4,True,0.42411292300000003,0.4783292909851298,5.297352912,1
ompl,1.0,floor,pose,rand04,4,True,0.015013238,0.02139117498882115,4.001547966,1
ompl,1.0,floor,pose,rand05,4,True,0.013020190000000001,0.01874569000210613,2.308531995,1
ompl,1.0,floor,pose,rand06,4,False,0.0,5.026409065001644,nan,99999
ompl,1.0,floor,pose,rand07,4,False,0.0,5.012869313010015,nan,99999
ompl,1.0,floor,pose,rand08,4,True,0.015331,0.026458856998942792,4.695526664,1
ompl,1.0,floor,pose,rand09,4,False,0.0,5.023963734973222,nan,99999
ompl,1.0,floor,pose,rand10,4,True,0.01402494,0.021592607023194432,4.240573762,1
ompl,1.0,floor,pose,rand11,4,False,0.0,5.086716264020652,nan,99999
