t_s,j1,j2,j3,j4,j5,j6,operation
0.0,-0.0836,-1.1209,-2.0723,-1.7125,1.6049,0.0798,
0.0431,-0.0836,-1.1209,-2.0723,-1.7125,1.6049,0.0798,Pick
0.0817,-0.0836,-1.1209,-2.0723,-1.7125,1.6049,0.0798,Pick
0.1222,-0.0836,-1.1209,-2.0723,-1.7125,1.6049,0.0798,Pick
0.1625,-0.081727,-1.121406,-2.072227,-1.712876,1.603596,0.0795,Pick
0.2036,-0.077855,-1.122452,-2.072076,-1.713653,1.600901,0.078881,Pick
0.2439,-0.073984,-1.123497,-2.071925,-1.71443,1.598205,0.078262,Pick
0.2848,-0.070113,-1.124543,-2.071774,-1.715207,1.59551,0.077643,Pick
0.3252,-0.062642,-1.1268,-2.071973,-1.716718,1.590155,0.07617,Pick
0.366,-0.055052,-1.129097,-2.072185,-1.718253,1.584712,0.074668,Pick
0.4069,-0.047461,-1.131394,-2.072396,-1.719788,1.579269,0.073167,Pick
0.4473,-0.038502,-1.1342,-2.072899,-1.721641,1.572703,0.07126,Pick
0.4882,-0.027879,-1.137624,-2.073756,-1.72388,1.564775,0.068862,Pick
0.5281,-0.017256,-1.141048,-2.074613,-1.726119,1.556846,0.066464,Pick
0.5688,-0.006633,-1.144471,-2.07547,-1.728359,1.548918,0.064066,Pick
0.6099,0.006547,-1.148693,-2.076813,-1.731337,1.538833,0.060954,Pick
0.6504,0.019904,-1.152969,-2.078188,-1.734367,1.5286,0.057794,Pick
0.6907,0.03326,-1.157246,-2.079564,-1.737397,1.518366,0.054634,Pick
0.7324,0.047652,-1.161833,-2.080984,-1.740759,1.507299,0.051272,Pick
0.7735,0.063479,-1.166852,-2.082464,-1.744582,1.495076,0.04763,Pick
0.8118,0.079305,-1.17187,-2.083945,-1.748405,1.482854,0.043989,Pick
0.852,0.095132,-1.176888,-2.085425,-1.752228,1.470631,0.040348,Pick
0.8965,0.113094,-1.182548,-2.086816,-1.756724,1.45692,0.036348,Pick
0.937,0.131286,-1.188276,-2.088198,-1.761293,1.443048,0.032311,Pick
0.979,0.149477,-1.194005,-2.089579,-1.765861,1.429177,0.028273,Pick
1.0177,0.168482,-1.199998,-2.090855,-1.770642,1.414778,0.024103,Pick
1.0584,0.188777,-1.206412,-2.091962,-1.77576,1.399545,0.019723,Pick
1.0986,0.209071,-1.212825,-2.09307,-1.780879,1.384312,0.015342,Pick
1.139,0.229366,-1.219238,-2.094177,-1.785997,1.369079,0.010962,Pick
1.1795,0.250971,-1.22622,-2.095134,-1.791405,1.352928,0.006283,Pick
1.2199,0.27277,-1.233285,-2.096068,-1.796855,1.336642,0.001559,Pick
1.2603,0.294569,-1.24035,-2.097003,-1.802306,1.320355,-0.003164,Pick
1.3008,0.316684,-1.247723,-2.097821,-1.807814,1.303796,-0.007952,Pick
1.3411,0.339373,-1.255655,-2.098427,-1.813426,1.286741,-0.012859,Pick
1.3829,0.362062,-1.263587,-2.099032,-1.819038,1.269686,-0.017766,Pick
1.4221,0.384751,-1.271519,-2.099638,-1.82465,1.252631,-0.022673,Pick
1.4623,0.407504,-1.280373,-2.09996,-1.830269,1.23532,-0.027565,Pick
1.5027,0.430269,-1.289404,-2.100227,-1.83589,1.21796,-0.032454,Pick
1.5435,0.453034,-1.298434,-2.100493,-1.841512,1.2006,-0.037343,Pick
1.5835,0.47567,-1.307909,-2.100615,-1.847158,1.183239,-0.042157,Pick
1.6252,0.498038,-1.318315,-2.100429,-1.852857,1.165878,-0.046811,Pick
1.6645,0.520405,-1.328721,-2.100243,-1.858556,1.148516,-0.051465,Pick
1.705,0.542772,-1.339126,-2.100057,-1.864255,1.131155,-0.056119,Pick
1.7459,0.564466,-1.350762,-2.099431,-1.869977,1.11409,-0.06039,Pick
1.7865,0.585999,-1.362692,-2.098698,-1.875706,1.097097,-0.06457,Pick
1.8263,0.607531,-1.374623,-2.097966,-1.881434,1.080103,-0.068749,Pick
1.8668,0.628751,-1.387044,-2.097046,-1.887184,1.063294,-0.072737,Pick
1.9079,0.649205,-1.400665,-2.095667,-1.892987,1.046935,-0.076259,Pick
1.9489,0.66966,-1.414286,-2.094288,-1.89879,1.030576,-0.079781,Pick
1.9893,0.690115,-1.427907,-2.092909,-1.904594,1.014218,-0.083302,Pick
2.0296,0.709634,-1.442673,-2.090894,-1.910324,0.998525,-0.086255,Pick
2.0701,0.72888,-1.457773,-2.088694,-1.916032,0.983026,-0.089041,Pick
2.1104,0.748126,-1.472872,-2.086493,-1.921741,0.967527,-0.091827,Pick
2.1511,0.767031,-1.488233,-2.084078,-1.927414,0.952277,-0.094444,Pick
2.1913,0.784957,-1.504343,-2.081048,-1.932986,0.937745,-0.096574,Pick
2.2316,0.802882,-1.520453,-2.078017,-1.938557,0.923212,-0.098704,Pick
2.2721,0.820808,-1.536563,-2.074986,-1.944129,0.90868,-0.100834,Pick
2.313,0.837685,-1.553082,-2.071301,-1.949536,0.894898,-0.102535,Pick
2.3527,0.854199,-1.569744,-2.067386,-1.954885,0.881377,-0.104087,Pick
2.393,0.870712,-1.586406,-2.063472,-1.960235,0.867857,-0.105639,Pick
2.4341,0.886846,-1.603139,-2.059376,-1.965543,0.8546,-0.10705,Pick
2.4737,0.901676,-1.620113,-2.054655,-1.970712,0.842246,-0.107979,Pick
2.5145,0.916505,-1.637087,-2.049934,-1.975882,0.829892,-0.108907,Pick
2.5556,0.931335,-1.654061,-2.045214,-1.981051,0.817539,-0.109836,Pick
2.5959,0.944868,-1.671192,-2.040023,-1.98604,0.80604,-0.110323,Pick
2.6363,0.957871,-1.688387,-2.034641,-1.990955,0.79489,-0.11063,Pick
2.6768,0.970874,-1.705582,-2.029259,-1.99587,0.783741,-0.110937,Pick
2.7171,0.983489,-1.722774,-2.023819,-2.00072,0.772832,-0.111135,Pick
2.7576,0.994486,-1.739951,-2.018137,-2.005297,0.762926,-0.110879,Pick
2.7981,1.005484,-1.757129,-2.012456,-2.009875,0.75302,-0.110624,Pick
2.8393,1.016481,-1.774306,-2.006774,-2.014452,0.743113,-0.110369,Pick
2.8797,1.026177,-1.791447,-2.001223,-2.018679,0.734015,-0.109901,Pick
2.92,1.035252,-1.80857,-1.995734,-2.022739,0.7253,-0.109334,Pick
2.9613,1.044328,-1.825693,-1.990245,-2.026799,0.716586,-0.108766,Pick
3.0006,1.053121,-1.842788,-1.98484,-2.030777,0.708067,-0.108166,Pick
3.0411,1.06044,-1.859742,-1.979876,-2.034329,0.700561,-0.107403,Pick
3.0815,1.067759,-1.876695,-1.974911,-2.037882,0.693056,-0.10664,Pick
3.122,1.075079,-1.893648,-1.969946,-2.041435,0.68555,-0.105877,Pick
3.1623,1.081477,-1.910381,-1.965492,-2.044701,0.678811,-0.105086,Pick
3.2034,1.087368,-1.926993,-1.961319,-2.04781,0.672492,-0.10428,Pick
3.2445,1.09326,-1.943605,-1.957147,-2.050919,0.666174,-0.103474,Pick
3.2849,1.099012,-1.960086,-1.953068,-2.05399,0.659985,-0.102672,Pick
3.3258,1.103826,-1.975685,-1.949627,-2.056807,0.654665,-0.101889,Pick
3.3667,1.108639,-1.991284,-1.946185,-2.059625,0.649346,-0.101106,Pick
3.4075,1.113452,-2.006883,-1.942744,-2.062442,0.644026,-0.100323,Pick
3.4482,1.117755,-2.021486,-1.939733,-2.065037,0.639277,-0.099635,Pick
3.4886,1.121736,-2.03546,-1.936994,-2.067491,0.634887,-0.099008,Pick
3.5288,1.125716,-2.049434,-1.934255,-2.069945,0.630497,-0.09838,Pick
3.5693,1.129619,-2.063195,-1.931569,-2.072356,0.626189,-0.097769,Pick
3.6097,1.132793,-2.07497,-1.929386,-2.074374,0.622648,-0.097311,Pick
3.6501,1.135967,-2.086744,-1.927202,-2.076392,0.619106,-0.096853,Pick
3.6919,1.139141,-2.098518,-1.925019,-2.07841,0.615565,-0.096395,Pick
3.7313,1.141761,-2.108768,-1.923195,-2.080121,0.61259,-0.09601,Pick
3.7717,1.143981,-2.117915,-1.92163,-2.081611,0.610024,-0.095679,Pick
3.812,1.1462,-2.127063,-1.920065,-2.0831,0.607458,-0.095347,Pick
3.8525,1.148358,-2.13601,-1.918538,-2.084558,0.604949,-0.095021,Pick
3.8938,1.149618,-2.142044,-1.917545,-2.08556,0.60327,-0.094762,Pick
3.9333,1.150879,-2.148077,-1.916552,-2.086563,0.601591,-0.094503,Pick
3.9737,1.15214,-2.154111,-1.91556,-2.087565,0.599911,-0.094245,Pick
4.0142,1.152944,-2.158378,-1.914898,-2.08829,0.598733,-0.094042,Pick
4.0545,1.153372,-2.16119,-1.914509,-2.088786,0.597967,-0.093886,Pick
4.0949,1.153801,-2.164001,-1.914119,-2.089282,0.597202,-0.09373,Pick
4.1355,1.154215,-2.166722,-1.913743,-2.089762,0.596461,-0.093579,Pick
4.1762,1.154215,-2.166722,-1.913743,-2.089762,0.596461,-0.093579,Pick
4.2174,1.154215,-2.166722,-1.913743,-2.089762,0.596461,-0.093579,Pick
4.2588,1.154215,-2.166722,-1.913743,-2.089762,0.596461,-0.093579,Pick
4.299,1.154215,-2.166722,-1.913743,-2.089762,0.596461,-0.093579,Pick
4.3403,1.154215,-2.166722,-1.913743,-2.089762,0.596461,-0.093579,Pick
4.3807,1.154215,-2.166722,-1.913743,-2.089762,0.596461,-0.093579,Pick
4.4616,1.154215,-2.166722,-1.913743,-2.089762,0.596461,-0.093579,Pick
4.5061,1.154215,-2.166722,-1.913743,-2.089762,0.596461,-0.093579,Pick
4.5433,1.154215,-2.166722,-1.913743,-2.089762,0.596461,-0.093579,Pick
4.5854,1.153907,-2.166641,-1.913954,-2.089578,0.596168,-0.093658,Pick
4.6259,1.153598,-2.166559,-1.914165,-2.089393,0.595875,-0.093736,Pick
4.6661,1.152986,-2.166397,-1.914593,-2.089025,0.595281,-0.093871,Pick
4.7085,1.152374,-2.166235,-1.915022,-2.088658,0.594686,-0.094007,Pick
4.7479,1.15151,-2.166003,-1.915643,-2.088135,0.593826,-0.094178,Pick
4.7884,1.150647,-2.165771,-1.916263,-2.087612,0.592966,-0.09435,Pick
4.8299,1.149582,-2.165481,-1.91704,-2.08696,0.591887,-0.094555,Pick
4.8702,1.148517,-2.16519,-1.917817,-2.086308,0.590808,-0.09476,Pick
4.9106,1.14728,-2.164851,-1.918716,-2.085546,0.589556,-0.095006,Pick
4.9515,1.146044,-2.164513,-1.919615,-2.084783,0.588303,-0.095252,Pick
4.9921,1.144652,-2.164135,-1.920606,-2.083923,0.586909,-0.095539,Pick
5.0325,1.143261,-2.163757,-1.921598,-2.083062,0.585516,-0.095825,Pick
5.0732,1.141726,-2.16335,-1.922667,-2.082118,0.583995,-0.096146,Pick
5.1138,1.14019,-2.162942,-1.923736,-2.081173,0.582475,-0.096467,Pick
5.1543,1.138529,-2.162513,-1.924875,-2.080158,0.580834,-0.096817,Pick
5.1956,1.136869,-2.162084,-1.926013,-2.079144,0.579193,-0.097166,Pick
5.235,1.135095,-2.161639,-1.927214,-2.078072,0.577435,-0.097544,Pick
5.276,1.133321,-2.161194,-1.928414,-2.077,0.575678,-0.097922,Pick
5.3171,1.131433,-2.160731,-1.929672,-2.075871,0.573809,-0.098331,Pick
5.3567,1.129545,-2.160267,-1.930929,-2.074741,0.571941,-0.09874,Pick
5.3971,1.127538,-2.159786,-1.932236,-2.073549,0.569967,-0.099181,Pick
5.4386,1.12553,-2.159305,-1.933544,-2.072357,0.567993,-0.099622,Pick
5.4789,1.123412,-2.158804,-1.934899,-2.0711,0.565919,-0.100092,Pick
5.5193,1.121295,-2.158303,-1.936255,-2.069842,0.563846,-0.100562,Pick
5.5596,1.119088,-2.157787,-1.937655,-2.068528,0.561678,-0.101057,Pick
5.6003,1.116882,-2.157271,-1.939054,-2.067213,0.559511,-0.101552,Pick
5.641,1.114608,-2.156746,-1.940493,-2.065855,0.557256,-0.102068,Pick
5.6818,1.112335,-2.156221,-1.941932,-2.064497,0.555002,-0.102583,Pick
5.7214,1.11001,-2.155693,-1.943395,-2.063112,0.552676,-0.103117,Pick
5.7618,1.107686,-2.155165,-1.944857,-2.061727,0.550351,-0.10365,Pick
5.8022,1.10533,-2.154644,-1.94632,-2.060329,0.547987,-0.104199,Pick
5.8429,1.102975,-2.154123,-1.947782,-2.058931,0.545623,-0.104748,Pick
5.8833,1.100611,-2.153614,-1.949217,-2.057532,0.54326,-0.10531,Pick
5.9264,1.098247,-2.153105,-1.950652,-2.056134,0.540898,-0.105872,Pick
5.9639,1.095908,-2.152616,-1.952036,-2.054754,0.538579,-0.106441,Pick
6.0042,1.09357,-2.152126,-1.953421,-2.053374,0.53626,-0.10701,Pick
6.0446,1.091295,-2.151664,-1.954734,-2.052038,0.534017,-0.107574,Pick
6.085,1.08902,-2.151201,-1.956048,-2.050702,0.531773,-0.108138,Pick
6.1254,1.086848,-2.15077,-1.957286,-2.049435,0.529626,-0.108683,Pick
6.1657,1.084675,-2.150339,-1.958524,-2.048168,0.527479,-0.109229,Pick
6.2062,1.082631,-2.14994,-1.959683,-2.046979,0.525442,-0.109742,Pick
6.2466,1.080588,-2.149542,-1.960842,-2.045791,0.523404,-0.110255,Pick
6.2868,1.078699,-2.149176,-1.96191,-2.044687,0.52151,-0.110728,Pick
6.3274,1.076811,-2.148811,-1.962977,-2.043582,0.519616,-0.1112,Pick
6.3688,1.075115,-2.148485,-1.963926,-2.042579,0.51792,-0.111628,Pick
6.4089,1.073419,-2.148158,-1.964875,-2.041576,0.516225,-0.112056,Pick
6.4493,1.071956,-2.147882,-1.965675,-2.040703,0.514775,-0.112435,Pick
6.4909,1.070493,-2.147606,-1.966475,-2.039831,0.513325,-0.112814,Pick
6.5301,1.069293,-2.147385,-1.967118,-2.039118,0.512147,-0.113132,Pick
6.5704,1.068094,-2.147165,-1.967761,-2.038405,0.510969,-0.113451,Pick
6.6114,1.067187,-2.147002,-1.968242,-2.037869,0.510075,-0.113692,Pick
6.652,1.06628,-2.146838,-1.968723,-2.037333,0.509181,-0.113934,Pick
6.692,1.065685,-2.146731,-1.969042,-2.036986,0.508591,-0.114086,Pick
6.7325,1.065091,-2.146624,-1.96936,-2.036639,0.508001,-0.114237,Pick
6.7731,1.064815,-2.146573,-1.96951,-2.036479,0.507725,-0.114302,Pick
6.815,1.064539,-2.146522,-1.969661,-2.03632,0.507448,-0.114367,Pick
6.8554,1.064539,-2.146522,-1.969661,-2.03632,0.507448,-0.114367,Pick
6.8956,1.064539,-2.146522,-1.969661,-2.03632,0.507448,-0.114367,Pick
6.9362,1.064539,-2.146522,-1.969661,-2.03632,0.507448,-0.114367,Pick
8.9618,1.064539,-2.146522,-1.969661,-2.03632,0.507448,-0.114367,Move_to_Surface
9.0003,1.064539,-2.146522,-1.969661,-2.03632,0.507448,-0.114367,Move_to_Surface
9.0407,1.064539,-2.146522,-1.969661,-2.03632,0.507448,-0.114367,Move_to_Surface
9.0811,1.064799,-2.14659,-1.969507,-2.036483,0.507701,-0.114294,Move_to_Surface
9.1215,1.06506,-2.146657,-1.969353,-2.036646,0.507953,-0.11422,Move_to_Surface
9.1619,1.065603,-2.146789,-1.969028,-2.036978,0.50848,-0.114064,Move_to_Surface
9.2021,1.066146,-2.146922,-1.968702,-2.037309,0.509008,-0.113908,Move_to_Surface
9.2426,1.066956,-2.147113,-1.968212,-2.037796,0.509797,-0.113677,Move_to_Surface
9.283,1.067766,-2.147304,-1.967722,-2.038283,0.510586,-0.113446,Move_to_Surface
9.3234,1.068822,-2.147552,-1.967083,-2.038915,0.511618,-0.113159,Move_to_Surface
9.3638,1.069877,-2.147799,-1.966444,-2.039547,0.512651,-0.112871,Move_to_Surface
9.4048,1.071152,-2.148098,-1.965673,-2.040313,0.513903,-0.112539,Move_to_Surface
9.447,1.072428,-2.148397,-1.964902,-2.041079,0.515154,-0.112207,Move_to_Surface
9.486,1.073896,-2.148742,-1.964012,-2.041958,0.516597,-0.111835,Move_to_Surface
9.5263,1.075364,-2.149086,-1.963123,-2.042838,0.51804,-0.111462,Move_to_Surface
9.5667,1.077,-2.149466,-1.962127,-2.043812,0.51965,-0.111051,Move_to_Surface
9.6081,1.078637,-2.149847,-1.961131,-2.044787,0.52126,-0.11064,Move_to_Surface
9.6493,1.080417,-2.150256,-1.960043,-2.045845,0.523014,-0.110198,Move_to_Surface
9.6898,1.082198,-2.150665,-1.958954,-2.046902,0.524767,-0.109755,Move_to_Surface
9.7299,1.084099,-2.1511,-1.957787,-2.048032,0.526644,-0.109292,Move_to_Surface
9.7706,1.085999,-2.151534,-1.95662,-2.049162,0.52852,-0.108829,Move_to_Surface
9.811,1.088001,-2.151991,-1.955388,-2.050353,0.530499,-0.108349,Move_to_Surface
9.8525,1.090003,-2.152448,-1.954155,-2.051543,0.532477,-0.107869,Move_to_Surface
9.8919,1.092091,-2.152923,-1.952867,-2.052786,0.534543,-0.107373,Move_to_Surface
9.9329,1.094179,-2.153398,-1.951578,-2.054029,0.53661,-0.106877,Move_to_Surface
9.9744,1.096346,-2.15389,-1.950236,-2.05532,0.538757,-0.106363,Move_to_Surface
10.0154,1.098514,-2.154382,-1.948893,-2.05661,0.540903,-0.105849,Move_to_Surface
10.0558,1.100755,-2.154889,-1.947502,-2.057946,0.543124,-0.105319,Move_to_Surface
10.0971,1.102996,-2.155396,-1.94611,-2.059282,0.545345,-0.10479,Move_to_Surface
10.1369,1.105302,-2.155919,-1.944676,-2.060656,0.547631,-0.104246,Move_to_Surface
10.1779,1.107607,-2.156442,-1.943242,-2.06203,0.549917,-0.103702,Move_to_Surface
10.219,1.109959,-2.156975,-1.941778,-2.063434,0.552248,-0.103147,Move_to_Surface
10.26,1.112311,-2.157508,-1.940315,-2.064838,0.55458,-0.102592,Move_to_Surface
10.3008,1.114681,-2.158045,-1.938838,-2.066255,0.556933,-0.102036,Move_to_Surface
10.3418,1.117052,-2.158581,-1.937361,-2.067672,0.559285,-0.101481,Move_to_Surface
10.3823,1.119411,-2.159111,-1.935888,-2.06908,0.561629,-0.100934,Move_to_Surface
10.423,1.12177,-2.159641,-1.934414,-2.070488,0.563973,-0.100388,Move_to_Surface
10.4633,1.124078,-2.160156,-1.932966,-2.071863,0.566269,-0.099862,Move_to_Surface
10.5041,1.126386,-2.160671,-1.931519,-2.073239,0.568566,-0.099337,Move_to_Surface
10.5446,1.128603,-2.161163,-1.93012,-2.074559,0.570776,-0.098843,Move_to_Surface
10.5856,1.130819,-2.161655,-1.928722,-2.075879,0.572987,-0.098348,Move_to_Surface
10.626,1.13291,-2.162118,-1.927398,-2.077126,0.575075,-0.097893,Move_to_Surface
10.6669,1.135001,-2.162581,-1.926073,-2.078373,0.577163,-0.097439,Move_to_Surface
10.7075,1.13694,-2.163006,-1.924839,-2.079529,0.579103,-0.097028,Move_to_Surface
10.7494,1.138879,-2.163432,-1.923604,-2.080686,0.581044,-0.096618,Move_to_Surface
10.7888,1.140648,-2.163816,-1.922473,-2.081738,0.582817,-0.09625,Move_to_Surface
10.8294,1.142417,-2.1642,-1.921342,-2.082789,0.58459,-0.095882,Move_to_Surface
10.8702,1.143999,-2.164538,-1.920328,-2.083724,0.586177,-0.095559,Move_to_Surface
10.9125,1.14558,-2.164877,-1.919314,-2.084658,0.587763,-0.095235,Move_to_Surface
10.9529,1.146955,-2.16517,-1.918432,-2.085469,0.589145,-0.094961,Move_to_Surface
10.9932,1.14833,-2.165462,-1.91755,-2.086279,0.590527,-0.094687,Move_to_Surface
11.0338,1.149477,-2.165707,-1.916817,-2.086957,0.591683,-0.094469,Move_to_Surface
11.074,1.150625,-2.165951,-1.916083,-2.087635,0.592839,-0.094252,Move_to_Surface
11.1145,1.151519,-2.166141,-1.915511,-2.088162,0.59374,-0.09409,Move_to_Surface
11.1551,1.152412,-2.16633,-1.914939,-2.08869,0.594641,-0.093929,Move_to_Surface
11.1957,1.15302,-2.166455,-1.914547,-2.089044,0.595254,-0.09382,Move_to_Surface
11.2364,1.153628,-2.166581,-1.914155,-2.089397,0.595867,-0.09371,Move_to_Surface
11.2767,1.153922,-2.16664,-1.913961,-2.089564,0.596164,-0.093655,Move_to_Surface
11.3174,1.154217,-2.166698,-1.913768,-2.089731,0.596461,-0.0936,Move_to_Surface
11.3574,1.154217,-2.166698,-1.913768,-2.089731,0.596461,-0.0936,Move_to_Surface
11.3978,1.154217,-2.166698,-1.913768,-2.089731,0.596461,-0.0936,Move_to_Surface
11.4382,1.154217,-2.166698,-1.913768,-2.089731,0.596461,-0.0936,Move_to_Surface
11.5191,1.154217,-2.166698,-1.913768,-2.089731,0.596461,-0.0936,Move_to_Surface
11.5594,1.154217,-2.166698,-1.913768,-2.089731,0.596461,-0.0936,Move_to_Surface
11.5995,1.154217,-2.166698,-1.913768,-2.089731,0.596461,-0.0936,Move_to_Surface
11.6399,1.15416,-2.166531,-1.913811,-2.089881,0.596517,-0.09357,Move_to_Surface
11.6801,1.153809,-2.165496,-1.914082,-2.090809,0.596859,-0.093382,Move_to_Surface
11.7205,1.153458,-2.164462,-1.914353,-2.091738,0.597201,-0.093195,Move_to_Surface
11.761,1.153003,-2.163094,-1.914687,-2.092947,0.597657,-0.092997,Move_to_Surface
11.8014,1.152334,-2.161026,-1.915156,-2.094748,0.598353,-0.09278,Move_to_Surface
11.8426,1.151664,-2.158957,-1.915625,-2.096548,0.599049,-0.092563,Move_to_Surface
11.8833,1.150904,-2.156434,-1.916155,-2.098743,0.599924,-0.092367,Move_to_Surface
11.9237,1.150049,-2.153424,-1.916752,-2.101359,0.600991,-0.092193,Move_to_Surface
11.9638,1.149193,-2.150415,-1.917349,-2.103976,0.602058,-0.092019,Move_to_Surface
12.0042,1.148328,-2.146865,-1.918009,-2.107029,0.603369,-0.091805,Move_to_Surface
12.0447,1.147458,-2.143018,-1.918704,-2.110324,0.604815,-0.09157,Move_to_Surface
12.0852,1.146588,-2.139172,-1.919399,-2.113618,0.606261,-0.091335,Move_to_Surface
12.1258,1.14572,-2.134798,-1.920243,-2.117348,0.607966,-0.09103,Move_to_Surface
12.1662,1.144853,-2.130299,-1.921122,-2.121183,0.609733,-0.090708,Move_to_Surface
12.2069,1.143986,-2.125799,-1.922002,-2.125017,0.611499,-0.090385,Move_to_Surface
12.2472,1.143079,-2.120907,-1.923107,-2.129177,0.613426,-0.089976,Move_to_Surface
12.2876,1.14217,-2.116003,-1.924219,-2.133348,0.615359,-0.089564,Move_to_Surface
12.3281,1.141252,-2.111063,-1.925355,-2.137549,0.617299,-0.089146,Move_to_Surface
12.3692,1.140277,-2.105881,-1.926647,-2.141953,0.619287,-0.088687,Move_to_Surface
12.4091,1.139302,-2.1007,-1.92794,-2.146357,0.621275,-0.088229,Move_to_Surface
12.4495,1.138345,-2.095471,-1.929218,-2.150826,0.623259,-0.087758,Move_to_Surface
12.49,1.137431,-2.090125,-1.930463,-2.155454,0.625232,-0.08726,Move_to_Surface
12.5303,1.136518,-2.084779,-1.931708,-2.160081,0.627205,-0.086762,Move_to_Surface
12.5707,1.135717,-2.079424,-1.93277,-2.164807,0.629151,-0.086303,Move_to_Surface
12.6111,1.135053,-2.074059,-1.93361,-2.169651,0.631065,-0.085891,Move_to_Surface
12.6516,1.134389,-2.068693,-1.934449,-2.174495,0.63298,-0.085479,Move_to_Surface
12.692,1.133983,-2.063444,-1.934776,-2.179563,0.634811,-0.085189,Move_to_Surface
12.7324,1.133741,-2.058269,-1.934779,-2.184771,0.63659,-0.084976,Move_to_Surface
12.7729,1.133498,-2.053093,-1.934782,-2.189979,0.638368,-0.084762,Move_to_Surface
12.8133,1.133765,-2.048254,-1.933795,-2.195697,0.639942,-0.084724,Move_to_Surface
12.8537,1.134179,-2.043512,-1.93252,-2.201563,0.641455,-0.084736,Move_to_Surface
12.8941,1.134594,-2.038769,-1.931245,-2.207429,0.642969,-0.084748,Move_to_Surface
12.9347,1.13576,-2.034598,-1.928452,-2.214146,0.64411,-0.084856,Move_to_Surface
12.9751,1.136978,-2.030466,-1.925554,-2.220921,0.645224,-0.084971,Move_to_Surface
13.0155,1.138286,-2.026413,-1.922477,-2.227799,0.646283,-0.085086,Move_to_Surface
13.0559,1.140429,-2.023104,-1.917722,-2.235628,0.64682,-0.085216,Move_to_Surface
13.0965,1.142573,-2.019794,-1.912967,-2.243457,0.647357,-0.085345,Move_to_Surface
13.1378,1.144919,-2.016716,-1.907717,-2.25157,0.647719,-0.085474,Move_to_Surface
13.1777,1.147847,-2.0143,-1.901044,-2.260499,0.647575,-0.0856,Move_to_Surface
13.2181,1.150776,-2.011884,-1.89437,-2.269428,0.647432,-0.085726,Move_to_Surface
13.2583,1.154027,-2.009859,-1.88688,-2.278815,0.646979,-0.085851,Move_to_Surface
13.2992,1.157724,-2.008374,-1.87826,-2.288835,0.6461,-0.085976,Move_to_Surface
13.3396,1.161421,-2.006889,-1.869639,-2.298856,0.64522,-0.0861,Move_to_Surface
13.3799,1.165522,-2.00593,-1.859951,-2.309501,0.643933,-0.086212,Move_to_Surface
13.4208,1.169913,-2.005353,-1.849492,-2.320598,0.642352,-0.086314,Move_to_Surface
13.461,1.174304,-2.004775,-1.839032,-2.331695,0.640771,-0.086416,Move_to_Surface
13.503,1.179249,-2.00485,-1.827275,-2.343414,0.638719,-0.08653,Move_to_Surface
13.5417,1.184388,-2.005152,-1.815067,-2.355348,0.636504,-0.086647,Move_to_Surface
13.5821,1.189526,-2.005454,-1.802858,-2.367282,0.634289,-0.086765,Move_to_Surface
13.6231,1.19517,-2.006403,-1.78927,-2.379886,0.631596,-0.086976,Move_to_Surface
13.6637,1.200868,-2.007421,-1.775535,-2.392563,0.628851,-0.087197,Move_to_Surface
13.7038,1.20659,-2.008471,-1.76172,-2.40527,0.62608,-0.087434,Move_to_Surface
13.7442,1.212651,-2.009968,-1.746757,-2.418428,0.622926,-0.087896,Move_to_Surface
13.7847,1.218713,-2.011465,-1.731794,-2.431587,0.619773,-0.088359,Move_to_Surface
13.8256,1.224792,-2.013027,-1.71666,-2.444797,0.616546,-0.088872,Move_to_Surface
13.8671,1.230931,-2.014811,-1.70094,-2.458186,0.613066,-0.089562,Move_to_Surface
13.9071,1.237069,-2.016594,-1.685219,-2.471575,0.609586,-0.090253,Move_to_Surface
13.9481,1.243145,-2.018453,-1.669427,-2.484884,0.606003,-0.091016,Move_to_Surface
13.9885,1.249121,-2.020432,-1.653521,-2.498066,0.602259,-0.091898,Move_to_Surface
14.029,1.255097,-2.02241,-1.637616,-2.511247,0.598514,-0.092779,Move_to_Surface
14.0693,1.260852,-2.024431,-1.621927,-2.524135,0.594675,-0.093672,Move_to_Surface
14.1097,1.266424,-2.026486,-1.606417,-2.536779,0.590757,-0.094576,Move_to_Surface
14.1514,1.271996,-2.028541,-1.590907,-2.549424,0.58684,-0.095481,Move_to_Surface
14.1918,1.277156,-2.030525,-1.576051,-2.561507,0.58293,-0.096346,Move_to_Surface
14.2321,1.282148,-2.03248,-1.561462,-2.57336,0.579023,-0.097196,Move_to_Surface
14.2725,1.28714,-2.034435,-1.546874,-2.585213,0.575116,-0.098045,Move_to_Surface
14.3134,1.291608,-2.036241,-1.5335,-2.596128,0.571414,-0.098775,Move_to_Surface
14.3533,1.295999,-2.038025,-1.520305,-2.606904,0.567741,-0.099488,Move_to_Surface
14.3935,1.300368,-2.039802,-1.507169,-2.617631,0.564084,-0.100198,Move_to_Surface
14.4339,1.304124,-2.041384,-1.495802,-2.62689,0.560874,-0.100825,Move_to_Surface
14.4743,1.307879,-2.042967,-1.484436,-2.636148,0.557664,-0.101451,Move_to_Surface
14.5146,1.311498,-2.044499,-1.473513,-2.645034,0.554582,-0.102066,Move_to_Surface
14.5556,1.314544,-2.045819,-1.464441,-2.652363,0.552034,-0.102633,Move_to_Surface
14.596,1.317591,-2.047138,-1.45537,-2.659693,0.549485,-0.1032,Move_to_Surface
14.6363,1.320309,-2.048296,-1.447274,-2.666205,0.547231,-0.103743,Move_to_Surface
14.6768,1.322432,-2.049161,-1.440953,-2.671231,0.545511,-0.104245,Move_to_Surface
14.7171,1.324556,-2.050026,-1.434631,-2.676256,0.543791,-0.104746,Move_to_Surface
14.7572,1.326123,-2.050632,-1.429952,-2.679969,0.542537,-0.105148,Move_to_Surface
14.798,1.327171,-2.050997,-1.426813,-2.682452,0.541722,-0.105457,Move_to_Surface
14.8385,1.328219,-2.051362,-1.423674,-2.684934,0.540906,-0.105766,Move_to_Surface
14.879,1.328557,-2.05148,-1.422661,-2.685735,0.540643,-0.105866,Move_to_Surface
14.9195,1.328557,-2.05148,-1.422661,-2.685735,0.540643,-0.105866,Move_to_Surface
14.96,1.328557,-2.05148,-1.422661,-2.685735,0.540643,-0.105866,Move_to_Surface
15.0004,1.328557,-2.05148,-1.422661,-2.685735,0.540643,-0.105866,Move_to_Surface
15.0412,1.328557,-2.05148,-1.422661,-2.685735,0.540643,-0.105866,Move_to_Surface
15.122,1.328557,-2.05148,-1.422661,-2.685735,0.540643,-0.105866,Move_to_Surface
15.1623,1.328557,-2.05148,-1.422661,-2.685735,0.540643,-0.105866,Move_to_Surface
15.2027,1.328557,-2.05148,-1.422661,-2.685735,0.540643,-0.105866,Move_to_Surface
15.2432,1.328336,-2.051376,-1.422855,-2.685606,0.540422,-0.105916,Move_to_Surface
15.2835,1.328116,-2.051273,-1.423048,-2.685477,0.5402,-0.105967,Move_to_Surface
15.3245,1.327657,-2.051057,-1.423449,-2.685206,0.53974,-0.106074,Move_to_Surface
15.3649,1.327199,-2.05084,-1.42385,-2.684934,0.53928,-0.106181,Move_to_Surface
15.4053,1.326515,-2.050518,-1.424447,-2.684525,0.538594,-0.106342,Move_to_Surface
15.4458,1.325831,-2.050195,-1.425044,-2.684117,0.537907,-0.106503,Move_to_Surface
15.4874,1.324944,-2.049772,-1.425815,-2.683586,0.537016,-0.106712,Move_to_Surface
15.5275,1.324058,-2.049348,-1.426586,-2.683055,0.536125,-0.106921,Move_to_Surface
15.5679,1.322991,-2.048838,-1.427511,-2.682415,0.535056,-0.107179,Move_to_Surface
15.6086,1.321923,-2.048328,-1.428436,-2.681775,0.533987,-0.107437,Move_to_Surface
15.6494,1.320703,-2.047742,-1.429492,-2.681041,0.532767,-0.107742,Move_to_Surface
15.6894,1.319483,-2.047156,-1.430548,-2.680307,0.531547,-0.108047,Move_to_Surface
15.7302,1.318126,-2.046502,-1.431721,-2.679486,0.530194,-0.108397,Move_to_Surface
15.7721,1.316768,-2.045848,-1.432893,-2.678666,0.528841,-0.108748,Move_to_Surface
15.8126,1.315284,-2.045132,-1.434172,-2.677768,0.527362,-0.109134,Move_to_Surface
15.8526,1.313801,-2.044415,-1.435451,-2.67687,0.525884,-0.10952,Move_to_Surface
15.8935,1.312196,-2.043634,-1.43683,-2.675899,0.524287,-0.109942,Move_to_Surface
15.9339,1.310592,-2.042854,-1.438209,-2.674927,0.522691,-0.110364,Move_to_Surface
15.9747,1.308877,-2.042021,-1.439682,-2.673886,0.520988,-0.110822,Move_to_Surface
16.0152,1.307163,-2.041188,-1.441156,-2.672846,0.519284,-0.11128,Move_to_Surface
16.0555,1.305353,-2.040306,-1.442711,-2.671745,0.517489,-0.111773,Move_to_Surface
16.096,1.303543,-2.039425,-1.444267,-2.670643,0.515694,-0.112265,Move_to_Surface
16.1364,1.301657,-2.038507,-1.445888,-2.669496,0.513824,-0.112781,Move_to_Surface
16.1767,1.299771,-2.037589,-1.44751,-2.668348,0.511955,-0.113296,Move_to_Surface
16.2171,1.297832,-2.036642,-1.449175,-2.667171,0.510032,-0.113826,Move_to_Surface
16.2578,1.295892,-2.035694,-1.450841,-2.665993,0.508108,-0.114355,Move_to_Surface
16.299,1.293922,-2.034732,-1.452532,-2.664794,0.506155,-0.114892,Move_to_Surface
16.3393,1.291952,-2.03377,-1.454222,-2.663596,0.504202,-0.11543,Move_to_Surface
16.3804,1.28997,-2.032802,-1.455922,-2.662385,0.502238,-0.115973,Move_to_Surface
16.4208,1.287988,-2.031834,-1.457622,-2.661175,0.500274,-0.116517,Move_to_Surface
16.4612,1.286008,-2.030868,-1.459318,-2.659964,0.498313,-0.117061,Move_to_Surface
16.5026,1.284029,-2.029902,-1.461014,-2.658754,0.496353,-0.117605,Move_to_Surface
16.5436,1.282066,-2.028941,-1.462694,-2.657555,0.494409,-0.118143,Move_to_Surface
16.5834,1.280103,-2.02798,-1.464373,-2.656356,0.492465,-0.118682,Move_to_Surface
16.624,1.278176,-2.027034,-1.466023,-2.65518,0.490557,-0.119216,Move_to_Surface
16.665,1.276248,-2.026089,-1.467674,-2.654005,0.488649,-0.11975,Move_to_Surface
16.7065,1.274377,-2.025169,-1.469275,-2.652859,0.486799,-0.120277,Move_to_Surface
16.7474,1.272506,-2.024249,-1.470877,-2.651713,0.484948,-0.120805,Move_to_Surface
16.7864,1.270716,-2.023369,-1.47241,-2.650615,0.48318,-0.121318,Move_to_Surface
16.8278,1.268926,-2.022488,-1.473944,-2.649517,0.481411,-0.121831,Move_to_Surface
16.8675,1.267242,-2.021657,-1.475382,-2.648482,0.47975,-0.122315,Move_to_Surface
16.908,1.265559,-2.020826,-1.476821,-2.647448,0.478088,-0.1228,Move_to_Surface
16.9488,1.264009,-2.020057,-1.478142,-2.646495,0.47656,-0.123249,Move_to_Surface
16.9894,1.262459,-2.019288,-1.479463,-2.645542,0.475031,-0.123698,Move_to_Surface
17.0294,1.261069,-2.018599,-1.480647,-2.644684,0.473663,-0.124107,Move_to_Surface
17.0698,1.259678,-2.017909,-1.481832,-2.643826,0.472295,-0.124517,Move_to_Surface
17.1102,1.258471,-2.017311,-1.482857,-2.643081,0.471109,-0.124878,Move_to_Surface
17.1523,1.257264,-2.016713,-1.483882,-2.642335,0.469923,-0.125239,Move_to_Surface
17.1927,1.256268,-2.016219,-1.484729,-2.64172,0.468946,-0.12554,Move_to_Surface
17.2329,1.255271,-2.015726,-1.485575,-2.641105,0.467968,-0.125841,Move_to_Surface
17.2734,1.25451,-2.015346,-1.486218,-2.640634,0.467221,-0.126066,Move_to_Surface
17.3138,1.253749,-2.014967,-1.486862,-2.640164,0.466473,-0.126292,Move_to_Surface
17.3547,1.253244,-2.014715,-1.48729,-2.63985,0.465978,-0.126441,Move_to_Surface
17.3951,1.25274,-2.014464,-1.487717,-2.639536,0.465482,-0.126589,Move_to_Surface
17.4354,1.2525,-2.014345,-1.48792,-2.639385,0.465247,-0.126659,Move_to_Surface
17.4758,1.252261,-2.014227,-1.488123,-2.639234,0.465012,-0.126729,Move_to_Surface
17.5162,1.252261,-2.014227,-1.488123,-2.639234,0.465012,-0.126729,Move_to_Surface
17.5567,1.252261,-2.014227,-1.488123,-2.639234,0.465012,-0.126729,Move_to_Surface
17.597,1.252261,-2.014227,-1.488123,-2.639234,0.465012,-0.126729,Move_to_Surface
17.6785,1.252261,-2.014227,-1.488123,-2.639234,0.465012,-0.126729,Move_to_Surface
17.7192,1.252261,-2.014227,-1.488123,-2.639234,0.465012,-0.126729,pouring
17.76,1.252261,-2.014227,-1.488123,-2.639234,0.465012,-0.126729,pouring
17.8019,1.252261,-2.014227,-1.488123,-2.639234,0.465012,-0.126729,pouring
17.8427,1.252288,-2.012208,-1.488489,-2.635688,0.466212,-0.143874,pouring
17.8834,1.25233,-2.009047,-1.489062,-2.630137,0.46809,-0.170714,pouring
17.9256,1.252339,-2.005994,-1.489479,-2.624779,0.470026,-0.197422,pouring
17.9651,1.252309,-2.003071,-1.489705,-2.619653,0.472033,-0.223971,pouring
18.0056,1.252257,-2.000213,-1.489842,-2.614632,0.474076,-0.250447,pouring
18.0459,1.252145,-1.997533,-1.48973,-2.6099,0.476217,-0.276717,pouring
18.087,1.252027,-1.994873,-1.489591,-2.6052,0.478367,-0.302965,pouring
18.1281,1.251839,-1.992447,-1.489125,-2.600893,0.480622,-0.328941,pouring
18.1698,1.251651,-1.99002,-1.488659,-2.596586,0.482878,-0.354917,pouring
18.21,1.251397,-1.987814,-1.487905,-2.592655,0.485224,-0.380611,pouring
18.2501,1.251134,-1.985635,-1.487115,-2.588772,0.487582,-0.40627,pouring
18.2908,1.250811,-1.983634,-1.486076,-2.585188,0.490005,-0.431728,pouring
18.3326,1.250462,-1.981708,-1.484931,-2.581732,0.492456,-0.457101,pouring
18.372,1.250079,-1.979925,-1.483612,-2.578504,0.49496,-0.482296,pouring
18.4131,1.249664,-1.978276,-1.482127,-2.575493,0.497516,-0.507324,pouring
18.4536,1.249225,-1.976705,-1.480542,-2.572619,0.500096,-0.532249,pouring
18.4942,1.248775,-1.975401,-1.478886,-2.570228,0.502526,-0.555072,pouring
18.5348,1.248377,-1.97425,-1.477425,-2.568118,0.50467,-0.575212,pouring
18.5753,1.247979,-1.973394,-1.475919,-2.566506,0.506621,-0.592937,pouring
18.6159,1.24761,-1.97265,-1.474518,-2.565095,0.508394,-0.608946,pouring
18.6569,1.247268,-1.97196,-1.473216,-2.563785,0.51004,-0.62381,pouring
18.6992,1.246921,-1.971366,-1.471884,-2.56264,0.511637,-0.637975,pouring
18.7393,1.246556,-1.970858,-1.470462,-2.561637,0.513242,-0.651931,pouring
18.7803,1.246181,-1.970338,-1.469004,-2.560609,0.514887,-0.666233,pouring
18.8207,1.245787,-1.96979,-1.46747,-2.559528,0.516619,-0.681284,pouring
18.8614,1.245323,-1.969344,-1.465663,-2.558597,0.518499,-0.697231,pouring
18.9028,1.24481,-1.968895,-1.463668,-2.557645,0.520541,-0.71446,pouring
18.9438,1.244253,-1.968407,-1.461498,-2.55661,0.522761,-0.733191,pouring
18.9844,1.243606,-1.968227,-1.459342,-2.555192,0.525207,-0.753303,pouring
19.0253,1.2429,-1.968097,-1.457051,-2.553605,0.527855,-0.774987,pouring
19.0682,1.242111,-1.968892,-1.456527,-2.549219,0.530711,-0.798083,pouring
19.1115,1.24128,-1.970772,-1.458233,-2.541701,0.533608,-0.821176,pouring
19.1517,1.240433,-1.972721,-1.459858,-2.53429,0.536514,-0.84419,pouring
19.1922,1.239542,-1.974853,-1.461266,-2.527164,0.539447,-0.866995,pouring
19.2327,1.238646,-1.977007,-1.462648,-2.520075,0.542381,-0.889772,pouring
19.273,1.237696,-1.979393,-1.463747,-2.513376,0.54533,-0.91225,pouring
19.3138,1.236746,-1.98178,-1.464846,-2.506677,0.548279,-0.934729,pouring
19.3546,1.235744,-1.984396,-1.465706,-2.500304,0.551241,-0.956945,pouring
19.3956,1.234736,-1.987037,-1.466538,-2.493967,0.554205,-0.979132,pouring
19.4361,1.233693,-1.989846,-1.46718,-2.487907,0.55717,-1.001104,pouring
19.4767,1.232636,-1.992723,-1.467744,-2.481958,0.560136,-1.02299,pouring
19.5179,1.231554,-1.995731,-1.468155,-2.476212,0.563105,-1.044729,pouring
19.5586,1.230449,-1.998857,-1.468428,-2.470649,0.566077,-1.066334,pouring
19.5991,1.229327,-2.002068,-1.468608,-2.465217,0.569046,-1.087838,pouring
19.6399,1.228174,-2.005443,-1.468607,-2.460042,0.572009,-1.109142,pouring
19.6806,1.227015,-2.008853,-1.468567,-2.454921,0.574972,-1.130404,pouring
19.7219,1.225822,-2.012464,-1.468307,-2.450102,0.577929,-1.15143,pouring
19.763,1.224629,-2.016074,-1.468046,-2.445283,0.580886,-1.172456,pouring
19.804,1.223403,-2.019865,-1.467562,-2.440814,0.583795,-1.193109,pouring
19.8445,1.222201,-2.023583,-1.467081,-2.436452,0.586641,-1.213314,pouring
19.8867,1.220996,-2.027408,-1.466418,-2.43242,0.589427,-1.232979,pouring
19.928,1.219799,-2.031248,-1.465694,-2.42853,0.592174,-1.252331,pouring
19.9681,1.218593,-2.035145,-1.464889,-2.424789,0.594888,-1.271449,pouring
20.0092,1.217366,-2.039153,-1.463964,-2.421226,0.597575,-1.290392,pouring
20.0502,1.216135,-2.043186,-1.463019,-2.417681,0.600266,-1.309361,pouring
20.0902,1.214884,-2.047423,-1.461857,-2.414419,0.602947,-1.32823,pouring
20.1307,1.213621,-2.051702,-1.460683,-2.411123,0.605655,-1.347286,pouring
20.1718,1.213333,-2.052676,-1.460416,-2.410373,0.606271,-1.351625,pouring
20.1721,1.214659,-2.048184,-1.461648,-2.413832,0.603429,-1.331621,pouring
20.2141,1.215985,-2.043693,-1.46288,-2.417291,0.600587,-1.311617,pouring
20.2561,1.2173,-2.039368,-1.463915,-2.421036,0.597719,-1.291405,pouring
20.2946,1.218612,-2.035081,-1.464904,-2.424846,0.594844,-1.271146,pouring
20.3349,1.219897,-2.030931,-1.465754,-2.42885,0.591948,-1.250736,pouring
20.375,1.221166,-2.026864,-1.466521,-2.432971,0.589037,-1.230237,pouring
20.4154,1.222421,-2.022902,-1.467169,-2.437251,0.586119,-1.209613,pouring
20.4557,1.223657,-2.019078,-1.467664,-2.441737,0.583192,-1.188832,pouring
20.496,1.224883,-2.015307,-1.468101,-2.446307,0.580257,-1.167989,pouring
20.5362,1.226076,-2.011697,-1.468362,-2.451126,0.5773,-1.146963,pouring
20.5765,1.227266,-2.008101,-1.468607,-2.455967,0.574343,-1.125919,pouring
20.6168,1.228419,-2.004726,-1.468607,-2.461142,0.571379,-1.104615,pouring
20.6572,1.229572,-2.001351,-1.468608,-2.466316,0.568416,-1.083311,pouring
20.6978,1.230683,-1.998193,-1.46837,-2.471831,0.565445,-1.061744,pouring
20.7384,1.231789,-1.995067,-1.468097,-2.477394,0.562473,-1.040138,pouring
20.7786,1.232861,-1.992112,-1.467624,-2.483222,0.559506,-1.01834,pouring
20.8192,1.233918,-1.989235,-1.46706,-2.489171,0.55654,-0.996454,pouring
20.8594,1.23495,-1.986476,-1.466361,-2.495313,0.553575,-0.974418,pouring
20.8997,1.235958,-1.983835,-1.465529,-2.50165,0.550611,-0.952231,pouring
20.9432,1.236948,-1.981273,-1.464612,-2.5081,0.547652,-0.929952,pouring
20.9835,1.237898,-1.978886,-1.463513,-2.514799,0.544703,-0.907474,pouring
21.0239,1.23884,-1.976532,-1.462375,-2.521552,0.541756,-0.884955,pouring
21.064,1.239731,-1.9744,-1.460967,-2.528678,0.538824,-0.862149,pouring
21.1055,1.240622,-1.972268,-1.459558,-2.535804,0.535891,-0.839344,pouring
21.1465,1.241457,-1.970373,-1.457871,-2.543298,0.532992,-0.816269,pouring
21.1861,1.242288,-1.968493,-1.456165,-2.550816,0.530096,-0.793176,pouring
21.2264,1.243068,-1.968128,-1.457595,-2.553982,0.527226,-0.76983,pouring
21.2666,1.243831,-1.968268,-1.460072,-2.555697,0.524364,-0.7464,pouring
21.3069,1.244562,-1.968678,-1.462702,-2.557185,0.521529,-0.722799,pouring
21.3472,1.245268,-1.969296,-1.465451,-2.558496,0.518716,-0.699065,pouring
21.3878,1.245946,-1.970011,-1.468089,-2.559964,0.515919,-0.675205,pouring
21.4283,1.246577,-1.970887,-1.470543,-2.561694,0.513151,-0.651134,pouring
21.4689,1.247194,-1.971811,-1.472937,-2.563503,0.510395,-0.627006,pouring
21.5085,1.247756,-1.972944,-1.475071,-2.565652,0.507694,-0.602627,pouring
21.5488,1.248317,-1.974076,-1.477205,-2.5678,0.504994,-0.578248,pouring
21.5897,1.248805,-1.975488,-1.478998,-2.570389,0.502362,-0.553534,pouring
21.6302,1.249293,-1.976901,-1.480791,-2.572978,0.49973,-0.52882,pouring
21.6706,1.249722,-1.978505,-1.482333,-2.575911,0.497161,-0.503851,pouring
21.7111,1.250137,-1.980154,-1.483818,-2.578922,0.494606,-0.478823,pouring
21.7516,1.25051,-1.981976,-1.48509,-2.582211,0.492116,-0.45358,pouring
21.7923,1.250859,-1.983901,-1.486235,-2.585668,0.489665,-0.428207,pouring
21.8327,1.25117,-1.985938,-1.487224,-2.589311,0.487255,-0.402709,pouring
21.8733,1.251433,-1.988116,-1.488015,-2.593194,0.484897,-0.37705,pouring
21.9135,1.251677,-1.990357,-1.488724,-2.597183,0.482565,-0.351312,pouring
21.9544,1.251865,-1.992784,-1.48919,-2.601491,0.480309,-0.325336,pouring
21.9941,1.252049,-1.995226,-1.489634,-2.605825,0.478061,-0.299342,pouring
22.0345,1.252161,-1.997905,-1.489746,-2.610557,0.47592,-0.273072,pouring
22.0747,1.252273,-2.000584,-1.489858,-2.615289,0.473779,-0.246801,pouring
22.1151,1.252313,-2.003477,-1.489674,-2.620365,0.471755,-0.220287,pouring
22.157,1.252344,-2.006399,-1.489448,-2.62549,0.469748,-0.193738,pouring
22.1956,1.252324,-2.009486,-1.488983,-2.630908,0.467829,-0.166989,pouring
22.2361,1.252282,-2.012647,-1.48841,-2.636458,0.465951,-0.140149,pouring
22.2763,1.252261,-2.014227,-1.488123,-2.639234,0.465012,-0.126729,pouring
22.3169,1.252261,-2.014227,-1.488123,-2.639234,0.465012,-0.126729,pouring
22.3571,1.252261,-2.014227,-1.488123,-2.639234,0.465012,-0.126729,pouring
22.3981,1.252261,-2.014227,-1.488123,-2.639234,0.465012,-0.126729,Place
22.4391,1.252261,-2.014227,-1.488123,-2.639234,0.465012,-0.126729,Place
22.4789,1.252261,-2.014227,-1.488123,-2.639234,0.465012,-0.126729,Place
22.5194,1.252502,-2.014346,-1.487922,-2.639383,0.465246,-0.126653,Place
22.5597,1.252742,-2.014465,-1.487721,-2.639533,0.46548,-0.126578,Place
22.6016,1.253234,-2.014708,-1.487311,-2.639837,0.465955,-0.126423,Place
22.6422,1.253725,-2.01495,-1.486901,-2.640141,0.466431,-0.126269,Place
22.6853,1.25444,-2.015301,-1.486302,-2.640581,0.467126,-0.126045,Place
22.7257,1.255155,-2.015652,-1.485703,-2.64102,0.467821,-0.12582,Place
22.7663,1.256065,-2.016097,-1.48494,-2.641582,0.468703,-0.125537,Place
22.8079,1.256975,-2.016542,-1.484177,-2.642145,0.469585,-0.125254,Place
22.8483,1.258051,-2.017069,-1.483276,-2.642811,0.470632,-0.124927,Place
22.8887,1.259126,-2.017596,-1.482375,-2.643477,0.471679,-0.124599,Place
22.9291,1.26035,-2.018198,-1.481348,-2.644236,0.472873,-0.124237,Place
22.9694,1.261574,-2.0188,-1.480321,-2.644995,0.474068,-0.123875,Place
23.0098,1.262938,-2.01947,-1.479176,-2.645835,0.475404,-0.123482,Place
23.0503,1.264302,-2.020141,-1.478031,-2.646675,0.47674,-0.123089,Place
23.0909,1.265796,-2.020872,-1.476768,-2.647589,0.478209,-0.122664,Place
23.1314,1.26729,-2.021603,-1.475505,-2.648503,0.479677,-0.12224,Place
23.1716,1.2689,-2.022386,-1.474139,-2.649487,0.481261,-0.121782,Place
23.212,1.270511,-2.023169,-1.472773,-2.650471,0.482844,-0.121324,Place
23.2525,1.272224,-2.024,-1.471317,-2.651522,0.48453,-0.120839,Place
23.2928,1.273937,-2.024832,-1.46986,-2.652573,0.486216,-0.120353,Place
23.334,1.27574,-2.025709,-1.468323,-2.653681,0.487992,-0.119845,Place
23.3737,1.277542,-2.026586,-1.466786,-2.654788,0.489768,-0.119337,Place
23.4143,1.279425,-2.027503,-1.465178,-2.655939,0.491627,-0.118811,Place
23.4547,1.281307,-2.028421,-1.463571,-2.657089,0.493486,-0.118285,Place
23.4952,1.28325,-2.029372,-1.461905,-2.658269,0.49541,-0.117746,Place
23.5359,1.285193,-2.030324,-1.460239,-2.659449,0.497334,-0.117207,Place
23.5763,1.287181,-2.031294,-1.458534,-2.660659,0.499303,-0.116659,Place
23.6172,1.289168,-2.032265,-1.456829,-2.66187,0.501272,-0.11611,Place
23.6573,1.291175,-2.033247,-1.455105,-2.6631,0.503262,-0.115559,Place
23.6978,1.293182,-2.034229,-1.453381,-2.66433,0.505252,-0.115007,Place
23.738,1.295186,-2.035207,-1.451658,-2.665563,0.50724,-0.11446,Place
23.7784,1.29719,-2.036185,-1.449934,-2.666796,0.509228,-0.113913,Place
23.8188,1.299169,-2.037156,-1.448229,-2.668002,0.511196,-0.113375,Place
23.8593,1.301147,-2.038126,-1.446525,-2.669208,0.513164,-0.112838,Place
23.8999,1.303076,-2.039075,-1.444857,-2.670378,0.515087,-0.112321,Place
23.9404,1.305005,-2.040025,-1.44319,-2.671549,0.51701,-0.111805,Place
23.9811,1.306861,-2.040938,-1.441586,-2.672672,0.518862,-0.111312,Place
24.0216,1.308717,-2.041851,-1.439981,-2.673794,0.520714,-0.110818,Place
24.0622,1.310469,-2.042712,-1.438462,-2.67486,0.522467,-0.110358,Place
24.1027,1.31222,-2.043573,-1.436943,-2.675927,0.524219,-0.109898,Place
24.1432,1.313855,-2.044368,-1.43552,-2.676919,0.525854,-0.109469,Place
24.184,1.31549,-2.045163,-1.434098,-2.677911,0.527489,-0.109039,Place
24.2241,1.316989,-2.045891,-1.432788,-2.678815,0.528993,-0.108653,Place
24.2646,1.318487,-2.046618,-1.431477,-2.67972,0.530498,-0.108266,Place
24.305,1.319834,-2.047271,-1.430297,-2.680525,0.531851,-0.107928,Place
24.3455,1.32118,-2.047923,-1.429117,-2.68133,0.533204,-0.10759,Place
24.386,1.32235,-2.048492,-1.428093,-2.68203,0.534382,-0.107306,Place
24.4268,1.32352,-2.04906,-1.427068,-2.68273,0.535561,-0.107021,Place
24.4669,1.324494,-2.049536,-1.426214,-2.683314,0.536545,-0.10679,Place
24.5074,1.325468,-2.050012,-1.42536,-2.683898,0.537529,-0.106559,Place
24.5478,1.326232,-2.050381,-1.424691,-2.684358,0.538299,-0.106379,Place
24.5897,1.326996,-2.050749,-1.424023,-2.684818,0.539068,-0.106199,Place
24.6288,1.327518,-2.051002,-1.423563,-2.68513,0.539597,-0.106077,Place
24.6692,1.328039,-2.051255,-1.423104,-2.685443,0.540126,-0.105955,Place
24.71,1.328297,-2.051377,-1.422879,-2.685595,0.540385,-0.105896,Place
24.753,1.328554,-2.0515,-1.422653,-2.685748,0.540645,-0.105836,Place
24.7906,1.328554,-2.0515,-1.422653,-2.685748,0.540645,-0.105836,Place
24.8326,1.328554,-2.0515,-1.422653,-2.685748,0.540645,-0.105836,Place
24.8728,1.328554,-2.0515,-1.422653,-2.685748,0.540645,-0.105836,Place
24.9536,1.328554,-2.0515,-1.422653,-2.685748,0.540645,-0.105836,Place
24.9939,1.328554,-2.0515,-1.422653,-2.685748,0.540645,-0.105836,Place
25.0351,1.328554,-2.0515,-1.422653,-2.685748,0.540645,-0.105836,Place
25.0753,1.328554,-2.0515,-1.422653,-2.685748,0.540645,-0.105836,Place
25.1152,1.32637,-2.050638,-1.423423,-2.685216,0.539318,-0.106636,Place
25.1555,1.322609,-2.049155,-1.424748,-2.6843,0.537033,-0.108013,Place
25.196,1.318847,-2.047672,-1.426072,-2.683385,0.534748,-0.10939,Place
25.2365,1.314463,-2.045963,-1.427634,-2.682326,0.532018,-0.110909,Place
25.2769,1.306835,-2.043079,-1.430428,-2.68052,0.52698,-0.113172,Place
25.3176,1.299207,-2.040196,-1.433222,-2.678714,0.521942,-0.115435,Place
25.3578,1.291579,-2.037313,-1.436016,-2.676908,0.516904,-0.117698,Place
25.3994,1.281508,-2.033661,-1.439853,-2.67457,0.509791,-0.12013,Place
25.4398,1.270586,-2.029741,-1.444053,-2.672047,0.501957,-0.122622,Place
25.4806,1.259665,-2.025821,-1.448253,-2.669525,0.494123,-0.125113,Place
25.5216,1.247883,-2.021693,-1.452892,-2.666846,0.485406,-0.127459,Place
25.5621,1.234294,-2.017126,-1.458453,-2.663837,0.474833,-0.129498,Place
25.603,1.220705,-2.012559,-1.464014,-2.66083,0.464259,-0.131537,Place
25.6435,1.207117,-2.007992,-1.469575,-2.657821,0.453686,-0.133576,Place
25.6853,1.191646,-2.003215,-1.476319,-2.654679,0.440762,-0.134615,Place
25.7256,1.175975,-1.998416,-1.48319,-2.651523,0.427586,-0.135547,Place
25.766,1.160303,-1.993616,-1.49006,-2.648366,0.414411,-0.136479,Place
25.8064,1.143862,-1.988878,-1.497582,-2.645301,0.400044,-0.13651,Place
25.8467,1.126598,-1.984203,-1.505797,-2.642334,0.384409,-0.135582,Place
25.8872,1.109335,-1.979529,-1.514012,-2.639367,0.368773,-0.134653,Place
25.9276,1.092003,-1.974887,-1.522315,-2.636435,0.352996,-0.133563,Place
25.968,1.073673,-1.970704,-1.531893,-2.634025,0.335168,-0.130129,Place
26.0086,1.055342,-1.96652,-1.541471,-2.631614,0.317341,-0.126695,Place
26.0488,1.037012,-1.962337,-1.551048,-2.629204,0.299514,-0.12326,Place
26.0892,1.018334,-1.958683,-1.56155,-2.627245,0.280519,-0.117947,Place
26.1299,0.999465,-1.955321,-1.572559,-2.625535,0.260883,-0.1116,Place
26.1705,0.980596,-1.951959,-1.583568,-2.623825,0.241247,-0.105252,Place
26.2112,0.961681,-1.948835,-1.594904,-2.622277,0.22131,-0.09824,Place
26.252,0.942605,-1.946524,-1.607358,-2.621284,0.200338,-0.088946,Place
26.2922,0.923529,-1.944214,-1.619812,-2.620291,0.179366,-0.079652,Place
26.3333,0.904453,-1.941904,-1.632266,-2.619298,0.158395,-0.070359,Place
26.3738,0.885424,-1.940512,-1.645834,-2.618703,0.136979,-0.059017,Place
26.4154,0.866407,-1.939342,-1.65967,-2.618204,0.115456,-0.047184,Place
26.4558,0.84739,-1.938171,-1.673506,-2.617705,0.093933,-0.035351,Place
26.4961,0.828466,-1.937377,-1.687798,-2.617275,0.072623,-0.022803,Place
26.5365,0.809692,-1.937181,-1.702811,-2.616956,0.051647,-0.009124,Place
26.577,0.790917,-1.936984,-1.717824,-2.616638,0.030672,0.004554,Place
26.6174,0.772142,-1.936788,-1.732837,-2.616319,0.009696,0.018233,Place
26.6582,0.753869,-1.937271,-1.748606,-2.615917,-0.009449,0.032895,Place
26.6985,0.735612,-1.937776,-1.764401,-2.615512,-0.028532,0.04759,Place
26.7392,0.717355,-1.938282,-1.780196,-2.615107,-0.047616,0.062285,Place
26.7807,0.69947,-1.938971,-1.796178,-2.614541,-0.065044,0.077102,Place
26.8231,0.681892,-1.939812,-1.812316,-2.613842,-0.081109,0.092021,Place
26.8637,0.664313,-1.940652,-1.828453,-2.613143,-0.097175,0.10694,Place
26.9054,0.646851,-1.941504,-1.844569,-2.612399,-0.11275,0.121812,Place
26.945,0.630179,-1.942432,-1.860535,-2.611342,-0.125022,0.136367,Place
26.986,0.613507,-1.943359,-1.876502,-2.610285,-0.137293,0.150921,Place
27.0256,0.596835,-1.944287,-1.892468,-2.609228,-0.149565,0.165476,Place
27.0661,0.580887,-1.945149,-1.908099,-2.607848,-0.158972,0.179459,Place
27.107,0.565235,-1.945984,-1.923593,-2.606337,-0.167207,0.193208,Place
27.1473,0.549584,-1.946819,-1.939088,-2.604825,-0.175443,0.206957,Place
27.1886,0.534275,-1.947615,-1.95439,-2.60316,-0.182568,0.220431,Place
27.2289,0.519805,-1.948316,-1.969225,-2.601117,-0.186978,0.233233,Place
27.2697,0.505335,-1.949017,-1.984059,-2.599075,-0.191389,0.246035,Place
27.3106,0.490866,-1.949718,-1.998894,-2.597033,-0.1958,0.258837,Place
27.351,0.477395,-1.950314,-2.01319,-2.594445,-0.197464,0.270741,Place
27.3919,0.464073,-1.950894,-2.027406,-2.591776,-0.19872,0.282512,Place
27.4322,0.45075,-1.951475,-2.041623,-2.589106,-0.199977,0.294284,Place
27.4732,0.437953,-1.95204,-2.055583,-2.586138,-0.200209,0.305604,Place
27.5142,0.425795,-1.952585,-2.069232,-2.582807,-0.199198,0.316378,Place
27.555,0.413637,-1.953131,-2.08288,-2.579476,-0.198186,0.327151,Place
27.5961,0.401516,-1.953677,-2.096511,-2.576126,-0.197131,0.337892,Place
27.637,0.390491,-1.954249,-2.109625,-2.572206,-0.194749,0.347654,Place
27.6786,0.379466,-1.954821,-2.122739,-2.568286,-0.192367,0.357415,Place
27.719,0.368441,-1.955394,-2.135852,-2.564366,-0.189985,0.367177,Place
27.7607,0.35808,-1.955978,-2.14859,-2.560194,-0.187239,0.376333,Place
27.8014,0.348138,-1.956571,-2.161092,-2.555864,-0.184263,0.385108,Place
27.8422,0.338196,-1.957164,-2.173593,-2.551533,-0.181286,0.393884,Place
27.8824,0.32845,-1.957743,-2.185952,-2.547166,-0.178293,0.402464,Place
27.9239,0.319519,-1.958265,-2.197716,-2.54265,-0.175227,0.410232,Place
27.9645,0.310588,-1.958788,-2.209479,-2.538133,-0.172162,0.418,Place
28.005,0.301657,-1.95931,-2.221243,-2.533616,-0.169096,0.425768,Place
28.0459,0.29345,-1.959675,-2.232281,-2.52907,-0.166162,0.432689,Place
28.0863,0.285453,-1.959995,-2.243108,-2.524515,-0.163266,0.439364,Place
28.1267,0.277457,-1.960315,-2.253935,-2.51996,-0.160371,0.446038,Place
28.1676,0.269804,-1.960542,-2.264373,-2.515428,-0.157564,0.452267,Place
28.2085,0.262776,-1.9606,-2.274106,-2.510939,-0.154919,0.457685,Place
28.2492,0.255748,-1.960659,-2.283839,-2.506449,-0.152273,0.463103,Place
28.2893,0.248719,-1.960717,-2.293572,-2.50196,-0.149628,0.468521,Place
28.3299,0.242585,-1.960545,-2.302104,-2.497627,-0.147357,0.47271,Place
28.3707,0.236512,-1.960357,-2.310552,-2.493305,-0.145111,0.476814,Place
28.4124,0.230439,-1.96017,-2.319001,-2.488982,-0.142866,0.480917,Place
28.4528,0.224863,-1.95991,-2.32672,-2.484853,-0.140934,0.484371,Place
28.4932,0.219755,-1.959583,-2.333754,-2.480905,-0.139295,0.487216,Place
28.5337,0.214646,-1.959256,-2.340788,-2.476956,-0.137657,0.49006,Place
28.5742,0.209641,-1.958925,-2.347671,-2.473068,-0.136082,0.492806,Place
28.6147,0.205603,-1.958558,-2.353142,-2.469738,-0.135099,0.494624,Place
28.6552,0.201566,-1.958191,-2.358613,-2.466408,-0.134117,0.496443,Place
28.6955,0.197528,-1.957824,-2.364084,-2.463079,-0.133134,0.498261,Place
28.7365,0.194349,-1.957494,-2.368391,-2.460359,-0.132505,0.499522,Place
28.7772,0.191579,-1.957182,-2.372144,-2.457929,-0.132045,0.500516,Place
28.8177,0.188808,-1.95687,-2.375897,-2.455498,-0.131584,0.501511,Place
28.8581,0.18641,-1.956592,-2.379161,-2.45337,-0.131201,0.502351,Place
28.8996,0.18508,-1.956411,-2.381016,-2.452107,-0.131042,0.502747,Place
28.9407,0.18375,-1.95623,-2.382871,-2.450844,-0.130883,0.503143,Place
28.9813,0.18242,-1.956048,-2.384726,-2.449581,-0.130724,0.503538,Place
29.0226,0.182205,-1.956019,-2.385025,-2.449377,-0.130698,0.503602,Place
29.0631,0.182205,-1.956019,-2.385025,-2.449377,-0.130698,0.503602,Place
29.1036,0.182205,-1.956019,-2.385025,-2.449377,-0.130698,0.503602,Place
29.144,0.182205,-1.956019,-2.385025,-2.449377,-0.130698,0.503602,Place
29.1847,0.182205,-1.956019,-2.385025,-2.449377,-0.130698,0.503602,Place
29.2252,0.182205,-1.956019,-2.385025,-2.449377,-0.130698,0.503602,Place
29.3056,0.182205,-1.956019,-2.385025,-2.449377,-0.130698,0.503602,Place
29.3462,0.182205,-1.956019,-2.385025,-2.449377,-0.130698,0.503602,Place
29.3866,0.182205,-1.956019,-2.385025,-2.449377,-0.130698,0.503602,Place
29.4274,0.18197,-1.956118,-2.384476,-2.448172,-0.130989,0.501976,Place
29.4677,0.181586,-1.95628,-2.383581,-2.446205,-0.131463,0.499324,Place
29.5081,0.181126,-1.956454,-2.382465,-2.443833,-0.132126,0.496041,Place
29.5483,0.180407,-1.956671,-2.380595,-2.440072,-0.133435,0.4906,Place
29.5888,0.179687,-1.956887,-2.378724,-2.436311,-0.134743,0.485159,Place
29.6291,0.178771,-1.95701,-2.376058,-2.431437,-0.13695,0.477666,Place
29.6696,0.177817,-1.957114,-2.373239,-2.426348,-0.13933,0.469778,Place
29.71,0.176774,-1.957134,-2.370041,-2.420862,-0.142223,0.460987,Place
29.7501,0.175621,-1.957049,-2.366382,-2.414892,-0.145739,0.451097,Place
29.7906,0.17445,-1.956944,-2.362681,-2.40889,-0.14932,0.441112,Place
29.8312,0.17301,-1.956546,-2.358372,-2.402401,-0.153848,0.429744,Place
29.8715,0.171569,-1.956149,-2.354064,-2.395913,-0.158375,0.418375,Place
29.9154,0.169864,-1.955553,-2.349488,-2.389294,-0.163477,0.406355,Place
29.9558,0.168034,-1.954862,-2.344785,-2.382613,-0.168853,0.394024,Place
29.9961,0.166085,-1.954099,-2.340031,-2.375948,-0.17444,0.381595,Place
30.0375,0.163845,-1.953156,-2.335151,-2.369322,-0.180542,0.368927,Place
30.0778,0.161605,-1.952214,-2.330271,-2.362696,-0.186643,0.356259,Place
30.1183,0.159047,-1.951219,-2.325429,-2.356285,-0.193348,0.343794,Place
30.1584,0.156455,-1.950218,-2.320591,-2.349897,-0.200117,0.331351,Place
30.1989,0.153705,-1.949256,-2.315887,-2.343642,-0.207171,0.31926,Place
30.2394,0.150806,-1.94833,-2.311311,-2.337511,-0.214493,0.3075,Place
30.2798,0.147875,-1.947432,-2.306799,-2.331418,-0.221863,0.29586,Place
30.3203,0.144727,-1.946726,-2.302728,-2.325578,-0.229556,0.285026,Place
30.3606,0.141579,-1.94602,-2.298657,-2.319738,-0.237249,0.274193,Place
30.4011,0.138313,-1.945513,-2.295053,-2.314089,-0.245032,0.264224,Place
30.4414,0.135006,-1.945075,-2.291612,-2.308507,-0.252845,0.254555,Place
30.4821,0.131665,-1.944768,-2.288445,-2.303022,-0.260606,0.245366,Place
30.5225,0.128263,-1.944702,-2.285779,-2.297714,-0.268268,0.237051,Place
30.564,0.124861,-1.944635,-2.283113,-2.292406,-0.275932,0.228736,Place
30.6034,0.121324,-1.944928,-2.28128,-2.287265,-0.283098,0.221869,Place
30.6438,0.117782,-1.945233,-2.279475,-2.28213,-0.290248,0.21505,Place
30.6842,0.114104,-1.945736,-2.278274,-2.2771,-0.296874,0.209071,Place
30.725,0.110326,-1.946383,-2.27751,-2.272147,-0.30312,0.203699,Place
30.7649,0.106493,-1.947062,-2.276951,-2.267224,-0.30913,0.198599,Place
30.8054,0.102428,-1.947875,-2.277252,-2.262425,-0.314156,0.194638,Place
30.8456,0.098363,-1.948689,-2.277553,-2.257627,-0.319182,0.190677,Place
30.8858,0.094085,-1.949538,-2.27874,-2.253015,-0.323144,0.187799,Place
30.9264,0.089757,-1.950395,-2.280139,-2.248449,-0.326852,0.185181,Place
30.9665,0.085344,-1.951216,-2.281948,-2.243955,-0.330042,0.183107,Place
31.0069,0.080815,-1.951983,-2.284323,-2.239558,-0.332515,0.181786,Place
31.0473,0.076283,-1.952745,-2.286726,-2.23517,-0.334951,0.180497,Place
31.0877,0.071669,-1.953327,-2.289963,-2.231004,-0.336305,0.180185,Place
31.1319,0.067055,-1.953908,-2.2932,-2.226838,-0.337659,0.179874,Place
31.1698,0.06249,-1.95429,-2.296837,-2.222838,-0.338351,0.180009,Place
31.211,0.057952,-1.954561,-2.300694,-2.21893,-0.338678,0.180392,Place
31.2509,0.053467,-1.954733,-2.304664,-2.215121,-0.33876,0.180875,Place
31.292,0.049133,-1.954617,-2.308963,-2.211597,-0.338135,0.181649,Place
31.3318,0.044798,-1.9545,-2.313262,-2.208074,-0.33751,0.182423,Place
31.3722,0.040712,-1.954044,-2.317769,-2.204922,-0.336178,0.183429,Place
31.4125,0.036663,-1.953537,-2.322306,-2.201826,-0.334741,0.18447,Place
31.4546,0.032779,-1.952867,-2.326899,-2.198987,-0.333001,0.185589,Place
31.4932,0.029071,-1.952021,-2.331552,-2.196423,-0.330937,0.186794,Place
31.5335,0.025409,-1.951145,-2.336193,-2.193917,-0.328836,0.188008,Place
31.5738,0.022169,-1.94998,-2.340732,-2.191951,-0.326385,0.18931,Place
31.6143,0.018929,-1.948815,-2.345271,-2.189985,-0.323934,0.190612,Place
31.6559,0.01607,-1.947483,-2.349617,-2.188452,-0.321418,0.191947,Place
31.6971,0.013366,-1.946083,-2.353884,-2.187096,-0.318877,0.193296,Place
31.736,0.010852,-1.944638,-2.357983,-2.185897,-0.316413,0.194651,Place
31.7763,0.008736,-1.943098,-2.36173,-2.18503,-0.314111,0.196015,Place
31.8166,0.006621,-1.941558,-2.365478,-2.184163,-0.31181,0.19738,Place
31.8584,0.005044,-1.94012,-2.368578,-2.183628,-0.309986,0.198647,Place
31.8988,0.003505,-1.93869,-2.371634,-2.183116,-0.308196,0.199908,Place
31.9393,0.002297,-1.937428,-2.374176,-2.182749,-0.30676,0.201008,Place
31.9797,0.001363,-1.936306,-2.376294,-2.182502,-0.305616,0.201976,Place
32.0244,0.000516,-1.935269,-2.37824,-2.182284,-0.304574,0.202868,Place
32.064,0.000124,-1.934678,-2.379285,-2.182215,-0.304067,0.20337,Place
32.1059,-0.000269,-1.934086,-2.38033,-2.182147,-0.30356,0.203872,Place
32.1436,-0.000357,-1.933952,-2.380566,-2.182132,-0.303445,0.203986,Place
32.1841,-0.000357,-1.933952,-2.380566,-2.182132,-0.303445,0.203986,Place
32.2246,-0.000357,-1.933952,-2.380566,-2.182132,-0.303445,0.203986,Place
32.265,-0.000357,-1.933952,-2.380566,-2.182132,-0.303445,0.203986,Place
34.2341,-0.000357,-1.933952,-2.380566,-2.182132,-0.303445,0.203986,Place
34.2743,-0.000357,-1.933952,-2.380566,-2.182132,-0.303445,0.203986,Place
34.3154,-0.000357,-1.933952,-2.380566,-2.182132,-0.303445,0.203986,Place
34.3556,0.0006,-1.933695,-2.380778,-2.183233,-0.302568,0.205109,Place
34.396,0.001556,-1.933439,-2.380989,-2.184334,-0.301691,0.206233,Place
34.4367,0.003463,-1.933032,-2.381387,-2.186555,-0.299939,0.208403,Place
34.4771,0.00537,-1.932625,-2.381784,-2.188777,-0.298187,0.210573,Place
34.52,0.008135,-1.932131,-2.382273,-2.19205,-0.29564,0.213819,Place
34.5599,0.0109,-1.931637,-2.382762,-2.195324,-0.293094,0.217065,Place
34.6013,0.014377,-1.931095,-2.383327,-2.199521,-0.28982,0.221459,Place
34.6428,0.017853,-1.930553,-2.383892,-2.203717,-0.286546,0.225853,Place
34.6811,0.021836,-1.930012,-2.384489,-2.208478,-0.282744,0.231073,Place
34.7216,0.02582,-1.929471,-2.385085,-2.21324,-0.278942,0.236292,Place
34.762,0.030076,-1.929003,-2.385663,-2.218281,-0.274889,0.241812,Place
34.8033,0.034333,-1.928535,-2.386241,-2.223321,-0.270836,0.247333,Place
34.8446,0.038652,-1.928136,-2.386846,-2.228632,-0.26674,0.252929,Place
34.8843,0.042971,-1.927736,-2.38745,-2.233943,-0.262644,0.258525,Place
34.9277,0.047346,-1.927327,-2.387973,-2.239471,-0.258648,0.264274,Place
34.9703,0.051722,-1.926919,-2.388495,-2.244999,-0.254651,0.270022,Place
35.0109,0.055988,-1.926644,-2.388996,-2.250561,-0.250653,0.275938,Place
35.0512,0.060255,-1.926369,-2.389497,-2.256123,-0.246655,0.281854,Place
35.0917,0.064512,-1.926318,-2.389839,-2.261627,-0.242625,0.287896,Place
35.1332,0.068768,-1.926268,-2.390181,-2.267131,-0.238594,0.293938,Place
35.1726,0.07299,-1.926418,-2.390463,-2.272646,-0.234578,0.300036,Place
35.2131,0.077212,-1.926568,-2.390745,-2.278161,-0.230562,0.306133,Place
35.2558,0.081218,-1.926788,-2.390997,-2.283472,-0.226763,0.312021,Place
35.2941,0.085224,-1.927008,-2.391249,-2.288782,-0.222963,0.317909,Place
35.3346,0.088834,-1.927243,-2.391413,-2.293623,-0.219525,0.323304,Place
35.375,0.092443,-1.927479,-2.391577,-2.298465,-0.216087,0.328698,Place
35.415,0.095723,-1.927767,-2.391704,-2.303023,-0.212942,0.3337,Place
35.4554,0.099003,-1.928056,-2.391831,-2.307581,-0.209797,0.338703,Place
35.4964,0.102254,-1.928437,-2.391934,-2.312135,-0.206804,0.343694,Place
35.5364,0.105505,-1.928818,-2.392037,-2.316689,-0.203811,0.348685,Place
35.5767,0.108788,-1.929335,-2.392167,-2.321286,-0.200777,0.353903,Place
35.6173,0.112071,-1.929852,-2.392296,-2.325884,-0.197743,0.359121,Place
35.6573,0.115475,-1.930447,-2.392341,-2.330606,-0.1946,0.364692,Place
35.6984,0.118879,-1.931041,-2.392387,-2.335328,-0.191457,0.370264,Place
35.7382,0.122356,-1.931726,-2.392446,-2.340434,-0.188139,0.376305,Place
35.7787,0.125833,-1.93241,-2.392504,-2.345539,-0.18482,0.382347,Place
35.8199,0.129491,-1.933265,-2.39237,-2.351038,-0.181413,0.388872,Place
35.8619,0.133149,-1.93412,-2.392236,-2.356536,-0.178006,0.395398,Place
35.9,0.136837,-1.935297,-2.392038,-2.362513,-0.174394,0.402392,Place
35.9413,0.140525,-1.936474,-2.39184,-2.36849,-0.170782,0.409387,Place
35.9806,0.144477,-1.937827,-2.391444,-2.375086,-0.167037,0.416943,Place
36.0214,0.148429,-1.93918,-2.391049,-2.381682,-0.163293,0.424498,Place
36.0617,0.15245,-1.94063,-2.39071,-2.388788,-0.159474,0.432505,Place
36.1025,0.156472,-1.942079,-2.390371,-2.395894,-0.155656,0.440513,Place
36.144,0.160332,-1.943588,-2.389951,-2.402882,-0.152081,0.448469,Place
36.1832,0.164192,-1.945096,-2.389531,-2.409871,-0.148506,0.456425,Place
36.2238,0.167495,-1.946669,-2.389035,-2.41623,-0.145398,0.463762,Place
36.2646,0.170797,-1.948243,-2.388538,-2.42259,-0.14229,0.471099,Place
36.305,0.173336,-1.949718,-2.387995,-2.428008,-0.139803,0.477447,Place
36.3448,0.175875,-1.951193,-2.387452,-2.433426,-0.137315,0.483794,Place
36.3852,0.177651,-1.952368,-2.386883,-2.437557,-0.135552,0.488821,Place
36.4256,0.179426,-1.953542,-2.386314,-2.441687,-0.13379,0.493848,Place
36.4659,0.180409,-1.954366,-2.385916,-2.444336,-0.132698,0.497193,Place
36.5076,0.181392,-1.955189,-2.385517,-2.446984,-0.131606,0.500538,Place
36.5484,0.181802,-1.955606,-2.385279,-2.448163,-0.131147,0.502066,Place
36.5888,0.182212,-1.956022,-2.385041,-2.449342,-0.130688,0.503594,Place
36.6293,0.182212,-1.956022,-2.385041,-2.449342,-0.130688,0.503594,Place
36.6698,0.182212,-1.956022,-2.385041,-2.449342,-0.130688,0.503594,Place
36.7103,0.182212,-1.956022,-2.385041,-2.449342,-0.130688,0.503594,Place
